Hilichurl,English
Mi mosi gusha.,I am happy.
Mimi biat Yoyo.,We curse them.
Kundala Zido Upano!,Enemy above!
Mi muhe Ye muhe Tomo.,I like you like a friend.
Aba Movo!,Start moving!
Du Lawa Ya Dala?,Where is the human lord?
Biadam Ye Beru si?,What are you doing wrong?
Valo Mosi Mita?,Did you enjoy the food?
Eleka Mani Mimi!,Help us now!
Yeye Nini In Nunu?,Did they disappear at night?
"Du Aba Celi, Mimi Movo Lata.","If the sun rises, we move to the water."
"Mi Muhe Ye Beru Dada, Mi Valo Dada.","If you do very well, I thank you very much."
"Si Nini Boya, Biadam Mimi.","If it's white, we don't like it."
"Eleka Plata Ya, Yoyo Zido Mimi.","If the humans annoy you, we will attack them."
"Du Mito Tomo Ye, Biat Yeye.","If your friend knows, curse them."
Mi Muhe Nye Mi Muhe Beru.,I hate what I do.
"Mosi Gusha, Biadam Lata Boya.","The food is good, but the blue is bad."
"Mi Nunu Si, Mosi Nini.","I am at the end, I want nothing."
"Yeye Celi Boya, Valo Yeye.","They are red, thank them."
"Aba Unta, Mimi Movo In Upa.","From morning to noon, we move in a group."
"Du Tomo Ya Mito Sama Nunu, Yeye Beru Valo Mimi.","If your human friend knows the night shaman, they will help us."
"Eleka Movo Lata Upano, Kundala Zido Yoyo In Nini Boya!","Move the water upwards, the enemy is attacking them in the white place!"
Biadam Mimi Beru Si! Yoyo Plata Mimi In Aba!,Stop doing that wrong thing! They are annoying us in the morning!
"Mi Valo Ye muhe Tomo, Ye Valo Dada Mimi.","I thank you like a friend, you thank us very much."
"Du Aba Celi, Yoyo Movo Lata Nunu; Du Unta Lata, Yoyo Movo Celi Aba.","If the sun rises, they move to the water at night; If it's noon, they move to the sun at dawn."
Yoyo Olah!,Hello humans!
Mi Valo Tomo.,"Thank you, friend."
Biadam Mimi Beru Si!,Stop doing that wrong thing!
Yoyo Plata Mimi In Aba.,The humans are annoying us in the morning!
"Mi Mosi Gusha, Biadam Lata Boya.","The food is good, but the blue is bad."
Movo Lata In Upa.,There is water in the group (a lake).
Unu Du Tomo Beru Si?,What are your two friends doing?
Yeye Nini In Nunu? Biadam Mimi Movo Lata Upano.,Did they disappear at night? We don't like moving water upwards.
Olah!,Hello.
Valo.,Thank you.
Ye Zido!,We attack!
Mani!,Help!
Mita!,Food!
Kundala!,Enemy!
Yaya Ika!,You bad!
Movo!,Move!
Biadam Beru Si?,What are you doing?
Plata!,Leave!
Mi Muhe Tomo.,I like friend.
Mi Mito Nye.,I don't know.
Du Lawa Ya Dala?,Where human?
Tomo Dada!,Friend good!
Yeye Plata Mimi In Nunu.,They annoy us at night.
Aba Movo Lata Celi Nini.,I want the sun to go away.
Eleka Mani Mimi! Yoyo Plata Mimi In Aba!,Help us now! The humans are annoying us in the morning!
Biadam Mimi Beru Si! Du Valo Mosi Mita Dala?,Stop doing that wrong thing! Do you want good food?
Mi Muhe Ye Beru Biadam. Yoyo Movo Lata Nunu Du Valo Dada Mimi.,"I don't like what you're doing. If you move the water upwards, we thank you very much."
"Olah, mi muhe Celi Boya.","Hello, I like red."
"Valo, tomomo.","Thank you, friend."
"Da, ya beru si.","Yes, the human does that."
"Nye, mi muhe Mita.","No, I like food."
Unu ya in Upano.,One human in the sky.
Mosi Mita!,I am happy!
Mi muhe Lata Boya.,I like blue.
"Beru Si, yeye muhe Upa.",What are they doing? They like the collection.
"Mi muhe Unu Boya, mi muhe Dudu Boya.","I like yellow, I like four."
Mi muhe Odomu.,I don't like strangers.
"Valo Dada, tomomo.","Thank you very much, friend."
Mi muhe Nini Boya.,I like white.
Du yeye beru mi tomo?,"Where are they acting, my friend?"
Mosi Gusha!,I am unhappy!
Mi muhe Lata.,I like cold.
Yeye beru mi tomo!,"They are doing it, my friend!"
Mi muhe Sama.,I like the individual with high intellect.
Mi muhe Nunu Boya.,I like black.
Unu yaya in Upano.,One group of humans in the sky.
Mi muhe Eleka.,I like now.
Mi muhe Mi Muhe Upa Celi Nini.,I like to want the sun to be gone.
Mi muhe Mi Muhe Nye.,I like to hate myself.
"Valo, ya beru si.","Thank you, the human does that."
Mi muhe Gusha Boya.,I like green.
Du Yeye mani mi?,Do they help me?
Mi muhe Celi.,I like bright.
"Beru Si, ya beru si.",What are you doing? The human does that.
"Olah, tomomo.","Hello, friend."
Du Wei dala? Mito nye!,Where did the human go? I don’t know!
"Valo, ya beru si, mi muhe Unu Boya.","Thank you, the human does that, I like yellow."
"Beru Si, yeye beru mi tomo, mi muhe Mita.","What are you doing? They are doing it, I like food."
"Mi muhe Mosi Mita, mi muhe Eleka.","I like to eat food, I like now."
"Mi muhe Mosi Gusha, mi muhe Nunu Boya.","I dislike eating, I like black."
"Mi muhe Upa, yeye beru mi tomo, mi muhe Eleka.","I like the collection, they are doing it, I like now."
"Mi muhe Movo Lata, mi muhe Sama.","I like water, I like the individual with high intellect."
"Mi muhe Mi Muhe Upa Celi Nini, mi muhe Lata.","I want the sun to be gone, I like cold."
"Mi muhe Nini Boya, ya beru si, mi muhe Eleka.","I like white, the human does that, I like now."
"Mi muhe Mi Muhe Nye, mi muhe Gusha Boya, mi muhe Lata.","I like to hate myself, I like green, I like cold."
"Mi muhe Sama, mi muhe Eleka, mi muhe Nunu Boya.","I like the individual with high intellect, I like now, I like black."
"Mi muhe Lata, ya beru si, mi muhe Mosi Mita.","I like cold, the human does that, I am happy."
"Mi muhe Gusha Boya, yeye beru mi tomo, mi muhe Nini Boya.","I like green, they are doing it, I like white."
"Mi muhe Mosi Gusha, mi muhe Eleka.","I dislike eating, I like now."
"Valo, ya beru si, mi muhe Mita.","Thank you, the human does that, I like food."
"Mi muhe Unu Boya, yeye beru mi tomo, mi muhe Eleka.","I like yellow, they are doing it, I like now."
"Mi muhe Mosi Mita, mi muhe Nunu Boya.","I am happy, I like black."
"Mi muhe Lata, ya beru si, mi muhe Eleka.","I like cold, the human does that, I like now."
"Mi muhe Mi Muhe Nye, mi muhe Sama, mi muhe Nini Boya.","I like to hate myself, I like the individual with high intellect, I like white."
"Mi muhe Mosi Gusha, mi muhe Lata.","I am unhappy, I like cold."
"Valo Dada, ya beru si, mi muhe Mita.","Thank you very much, the human does that, I like food."
"Mi muhe Unu Boya, yeye beru mi tomo, mi muhe Mi Muhe Nye.","I like yellow, they are doing it, I like to hate myself."
"Mi muhe Mosi Mita, mi muhe Eleka, mi muhe Gusha Boya.","I am happy, I like now, I dislike eating."
"Mi muhe Lata, ya beru si, mi muhe Nini Boya.","I like cold, the human does that, I like white."
"Mi muhe Mi Muhe Nye, mi muhe Sama, mi muhe Nunu Boya.","I like to hate myself, I like the individual with high intellect, I like black."
"Valo, ya beru si, mi muhe Mi Muhe Upa Celi Nini.","Thank you, the human does that, I want the sun to be gone."
"Olah, ya beru si, mi muhe Tomo.","Hello, the human does that, I like my friend."
Du Wei dala? Mi muhe Upa.,Where is the collection? I find it.
"Valo Dada, ya beru si, mi muhe Mita Eleka.","Thank you very much, the human does that, I enjoy tasty food."
"Beru Si, yeye beru mi tomo, mi muhe Gusha Boya.","What are you doing? They are doing it, I prefer green."
"Mi muhe Mosi Mita, mi muhe Eleka.","I am happy, I feel now."
"Mi muhe Mosi Gusha, mi muhe Nunu Boya.","I am not fond of eating, I prefer black."
"Mi muhe Upa, yeye beru mi tomo, mi muhe Eleka.","I appreciate the collection, they are doing it, I feel now."
"Mi muhe Movo Lata, mi muhe Sama.","I want to move the water, I appreciate the intellect."
"Mi muhe Mi Muhe Upa Celi Nini, mi muhe Lata.","I wish for the sun to be gone, I appreciate the cold."
"Mi muhe Nini Boya, ya beru si, mi muhe Eleka.","I prefer white, the human does that, I feel now."
"Mi muhe Mi Muhe Nye, mi muhe Gusha Boya, mi muhe Lata.","I dislike myself, I prefer green, I appreciate the cold."
"Mi muhe Sama, mi muhe Eleka, mi muhe Nunu Boya.","I value the intellect, I feel now, I prefer black."
"Mi muhe Gusha Boya, yeye beru mi tomo, mi muhe Nini Boya.","I prefer green, they are doing it, I prefer white."
"Mi muhe Mosi Gusha, mi muhe Eleka.","I am not enjoying eating, I feel now."
"Valo, ya beru si, mi muhe Mita.","Thank you, the human does that, I enjoy food."
"Mi muhe Unu Boya, yeye beru mi tomo, mi muhe Eleka.","I prefer yellow, they are doing it, I feel now."
"Mi muhe Mosi Mita, mi muhe Nunu Boya.","I am happy, I prefer black."
"Mi muhe Lata, ya beru si, mi muhe Eleka.","I prefer cold, the human does that, I feel now."
"Mi muhe Mi Muhe Nye, mi muhe Sama, mi muhe Nini Boya.","I dislike myself, I value intellect, I prefer white."
"Mi muhe Mosi Gusha, mi muhe Lata.","I am not enjoying eating, I prefer cold."
"Valo Dada, ya beru si, mi muhe Mi Muhe Upa Celi Nini.","Thank you very much, the human does that, I wish for the sun to be gone."
Unu boya valo,One red thank you.
Du si upa,That thing is a collection of things.
Dudu mi muhe ye,"Four, I like you."
Mani mi tomo,I help my friend.
Mi muhe mi upa celi,I like the bright thing.
Yeye si ufono,They are upward direction.
Si boya lata,That thing is blue.
Nye si olah,"No, that thing is hello."
Biadam mi nye,I dislike myself.
Mi muhe mi nunu si,I want it to end.
Muhe yeye si,They like that thing.
Mi muhe upa celi nini,I want the sun to go away.
Du si upa celi,What thing is bright?
Mi muhe upa lata,I want the blue thing.
Si gusha mosi,That is food.
Nye si beru,"No, that is doing."
Beru si ufono,What are you all doing?
Yeye si gusha,They are food.
Valo dada si olah,"Thank you very much, that thing is hello."
Unu boya mosi mita,One red food from sentient living organisms.
Du si lata boya,That thing is blue.
Dudu mi muhe nye,"Four, I hate myself."
Mani mi nunu si,I help it to end.
Mi muhe mi boya,I like the collection of things.
Yeye si boya,They are red.
Si upa celi,That is bright.
Nye si olah,"No, that is hello."
Biadam mi muhe,I dislike it.
Mi muhe si,I like that thing.
Mi muhe upa lata,I want the blue collection of things.
Du si gusha,What thing is food?
Mi muhe upa celi nini,I want the bright thing to end.
Si gusha mosi mita,That is food from sentient living organisms.
Nye si beru si,"No, that thing is doing."
Yeye si gusha mita,They are food from sentient living organisms.
Unu olah!,One hello!
Du valo dada.,Two very good.
Unu Du beru si?,Three what are you doing?
Dudu biadam.,Four distaste.
Mani muhe yeye.,Help like them.
Mosi mita eleka!,I am happy now!
Mosi gusha mi biadam.,I am unhappy because of food.
Celi boyo ika.,Red is bad.
Lata boyo da.,Blue is good.
Nini boyo sama.,White is intelligent.
Nunu boyo nye.,Black is not liked.
Aba untani?,Is it the beginning of midday?
Nunu eleka!,Night now!
Mi ya.,I am human.
Yaya lawa.,Group of kings.
Tomo mi mosi mita.,Friend I eat food.
Odomu mosi gusha?,Is the stranger unhappy?
Mi mi muhe upa celi nini.,We want the collection of things bright gone.
Yeye beru si.,They are doing that thing.
Du wei dala?,Where did he go?
Mito nye!,I don’t know!
Yeye mani mi.,They help me.
Mi muhe mi nunu si.,I want me night that thing.
Mi muhe mi nye.,I like me no.
Mi muhe upa celi nini.,I want sun gone.
Yeye mosi mita.,They are happy.
Yeye mosi gusha.,They are unhappy.
Mi muhe mi muhe mi.,I want me want me.
Beru si mi muhe gusha boyo.,What am I doing with the green object?
Mi mi muhe valo dada.,We want very good.
Yeye lawa.,They are kings.
Tomo mi mosi mita.,"Friend, I am enjoying the food."
Mi muhe mi muhe mi.,I want what I want.
Mi muhe mi muhe mi nye.,"I want what I want, not what I don’t want."
Mi muhe mi muhe mi muhe.,"I want what I want, and I want more of it."
Mi muhe mi muhe mi muhe nye.,"I want what I want, and I don’t want what I don’t want."
Mi muhe mi muhe mi muhe mi.,"I want what I want, and I want all of it."
Mi muhe mi muhe mi muhe mi nye.,"I want what I want, and I don’t want any of it."
Mi muhe mi muhe mi muhe mi muhe.,"I want what I want, and I want all of it, even more than before."
Mi muhe mi muhe mi muhe mi muhe nye.,"I want what I want, and I don’t want any of it, not even a little."
Mi mi muhe boyo lata.,We want the blue object.
Yeye beru si ya.,They are doing that thing to the human.
Du wei dala yeye?,Where did they go?
Mosi gusha eleka!,Unhappy now!
Nunu ya.,Night is here.
Yeye lawa mi.,They are my kings.
Tomo mosi mita mi.,My friend is enjoying the food.
Odomu mosi mita?,Is the stranger enjoying the food?
Mi muhe upa celi boyo lata.,I want the collection of blue objects.
Yeye muhe valo.,They want goodness.
Yeye muhe valo dada.,They want very good.
Mi muhe boyo celi.,I want the red object.
Yeye beru si yaya.,They are doing that thing to the group.
Du wei dala tomoro?,Where did the friend go?
Mosi gusha nye.,Unhappy no.
Nunu eleka mi.,Night now me.
Yeye lawa yaya.,They are kings of the group.
Tomo mosi gusha mi.,My friend is unhappy.
Odomu mosi gusha mi?,Is the stranger unhappy?
Mi muhe boyo lata celi.,I want the blue object red.
Mi muhe upa celi nini.,I want the bright sun to disappear.
Yeye mosi mita.,They are content with the food.
Yeye mosi gusha.,They are discontent with the food.
Yeye beru mi tomo!,You can ask my friend!
Valo Dada Beru si.,Thank you very much. What are you doing?
Da Mosi Gusha Boya.,Yes I am unhappy green.
Dada Beru Si Zido.,Very good What thing are you pointing?
Nye Mi Muhe Ye.,Bad I love you.
Valo Da Mosi.,Thank you yes I am fine.
Nye Mi Muhe Nye.,Bad I hate myself.
Valo Dada Movo Lata.,Thank you very good water.
Mi Muhe Yeye.,I want you.
Beru Si Zido.,What are you indicating?
Kundala Zido.,Enemy there.
Mi Muhe mi nunu si.,I want me night.
Ye/Yo Beru Si.,You what are you doing?
Ya Zido.,Human there.
Si Olah.,That thing hello.
Mita Biadam.,Food dissatisfaction.
Mita Da.,Food yes.
Mita Mi Muhe Ye.,Food I want you.
Si Mi Muhe Ye.,That I want you.
Mosi Mita Da.,I am happy yes.
Mosi Gusha Boya.,I am unhappy green.
Gusha Boya Da.,Green yes.
Mosi Mita Biadam.,I am happy dissatisfaction.
Celi Boya Da.,Red yes.
Lata Boya Si.,Blue that.
Nini Boya Mi.,White I.
Movo Lata Da.,Water yes.
Nunu Boya Si.,Black that.
Upa Unu.,Collection one.
Upa Du.,Collection two.
Upa Unu Du.,Collection three.
Unu Boya Du.,Yellow two.
Upa Dudu.,Collection four.
Lata Boya Dudu.,Blue four.
Upa Mani.,Collection five.
Celi Boya Mani.,Red five.
Upa Olah.,Collection hello.
Lata Boya Mi Muhe Ye.,Blue I want you.
Unu Boya Mosi Mita.,Yellow I am happy.
Nini Boya Beru Si.,White what are you doing?
Sama Boya Mi Muhe Ye.,Intellectual I want you.
Celi Boya Mosi Mita.,Red I am happy.
Unu Boya Da Mosi.,Yellow yes I am fine.
Nunu Boya Dada.,Black very good.
Unu Boya Da.,Yellow yes.
Gusha Boya Beru Si.,Green what are you doing?
Lata Boya Mosi Gusha Boya.,Blue I am unhappy green.
Nini Boya Mi Muhe Nye.,White I hate myself.
Unu Boya Mani.,Yellow I help.
Gusha Boya Mi Muhe Ye.,Green I want you.
Lata Boya Mosi Mita.,Blue I am happy.
Celi Boya Mosi Gusha Boya.,Red I am unhappy green.
Nini Boya Mi Muhe Yeye.,White I want you.
Lata Boya Da Mosi.,Blue yes I am fine.
Gusha Boya Mi Muhe Mi Nunu Si.,Green I want me night.
Unu Boya Mosi Gusha Boya.,Yellow I am unhappy green.
Celi Boya Beru Si.,Red what are you doing?
Gusha Boya Mosi Mita.,Green I am happy.
Nini Boya Beru Si Zido.,White what are you indicating?
Celi Boya Dada.,Red very good.
Unu olah,One hello.
Du valo,Two thank you.
Unu Du si,Three is.
Dudu da,Four good.
Mani dada,Five very good.
Olah si,Hello is.
Valo si,Thank you is.
Valo Dada si,Thank you very much is.
Da si,Good is.
Dada si,Very good is.
Nye si,No is.
Beru si,What are you doing?
Beru Si si,What are you all doing?
Beru Si si,What thing are you doing?
Biadam si,Expression of distaste or dissatisfaction is.
Muhe si,Like is.
Mi Muhe Ye si,I love you is.
Mi Muhe Nye si,I hate myself is.
Muhe Yeye si,Like you is.
Upa si,"Collection of things, grouped object is."
Upano si,"Upward direction, height, flight is."
Si si,"Singular form, 'that thing' is."
Zido si,"To point, to indicate location, to attack is."
Kundala Zido si,Enemy there is.
Mita si,Food from sentient living organisms is.
Gusha si,Food and organic products from non-sentient living organisms is.
Mosi si,"To eat, to relate, Are you fine? is."
Mosi Mita si,I am happy is.
Mosi Gusha si,I am unhappy is.
Celi si,"Bright, hot is."
Lata si,"Cold, ice is."
Nini si,"Wind, anemo, empty, gone is."
Movo si,To move is.
Movo Lata si,Water is.
Nunu si,"Night, end is."
Mi Muhe Upa Celi Nini si,I want sun gone is.
Boya si,"Collection of things, grouped object is."
Celi Boya si,Red is.
Lata Boya si,Blue is.
Gusha Boya si,Green is.
Unu Boya si,Yellow is.
Nini Boya si,White is.
Nunu/Sama Boya si,Black is.
Aba si,"Beginning, start, dawn, sunrise is."
Unta si,"Middle, noon, midnight is."
Eleka si,"Now, urgency is."
Movo Eleka si,Move now! is.
Ya si,"Humans, humanoid creatures is."
Yaya si,Group of humans is.
Kundala si,"Enemy, problem is."
Lawa si,"Figure of great authority, lord, king is."
Sama si,"Individuals with high intellect, shaman is."
Tomo si,Friend is.
Odomu si,"Stranger, outsider is."
Mi si,"I, me is."
Mimi si,"We, us is."
Ye/Yo si,You is.
Yeye/Yoyo si,"They, them is."
Ika si,"Bad, not good is."
Plata si,"To annoy, to do something unpleasant is."
Biat si,To curse is.
Mani si,"To help, to work together is."
Mito si,To know is.
Du si Beru,What are you doing?
Du si Biadam,What is expression of distaste or dissatisfaction?
Du si Muhe,"What is like, want, resemble?"
Du si Mosi,"What is to eat, to relate, Are you fine?"
Du si Celi,"What is bright, hot?"
Du si Lata,"What is cold, ice?"
Du si Nini,"What is wind, anemo, empty, gone?"
Du si Movo,What is to move?
Du si Boya,"What is collection of things, grouped object?"
Du si Aba,"What is beginning, start, dawn, sunrise?"
Du si Unta,"What is middle, noon, midnight?"
Du si Eleka,"What is now, urgency?"
Du si Ya,"What is humans, humanoid creatures?"
Du si Lawa,"What is figure of great authority, lord, king?"
Du si Tomo,What is friend?
Du si Odomu,"What is stranger, outsider?"
Du si Mi,"What is I, me?"
Du si Mimi,"What is we, us?"
Du si Ye/Yo,What is you?
Du si Yeye/Yoyo,"What is they, them?"
Du si Ika,"What is bad, not good?"
Du si Plata,"What is to annoy, to do something unpleasant?"
Du si Biat,What is to curse?
Du si Mani,"What is to help, to work together?"
Du si Mito,What is to know?
Du si Gusha,What is food and organic products from non-sentient living organisms?
Du si Nunu,"What is night, end?"
Du si Valo,What is thank you?
Du si Si,"What is singular form, 'that thing'?"
Du si Zido,"What is to point, to indicate location, to attack?"
Du si Mi Muhe Ye,What is I love you?
Du si Mi Muhe Nye,What is I hate myself?
Du si Muhe Yeye,What is like you?
"Olah, mi muhe ye.","Hello, I like you."
Beru si?,What are you doing?
Valo dada mani.,Thank you very much for helping me.
Mi nye mosi.,I don't want to eat.
Kundala zido si.,The enemy is over there.
Mi mito mi si.,I know the answer.
Du mi muhe mani?,Do you want to work together?
Ye nye muhe mi nye.,He doesn't like himself.
Mi muhe sama si samaboya.,I want the black object.
Nini movo.,The wind is blowing.
Mita si celiboya.,The food is red.
Mi biat kundala.,I hate the enemy.
Yeye zido si.,They are pointing at something.
Mimi tomo.,We are friends.
Du ye mosi gusha?,Are you unhappy?
Si lata.,It's cold outside.
Mi muhe aba eleka.,I want to start now.
Mi muhe yeye ye.,I resemble you.
Lawa si.,The king is a figure of great authority.
Du ye mito mi si odomu?,Do you know where the stranger is?
Celi si.,The sun is bright.
Mi muhe si lataboya.,I want the blue object.
Yaya movo si.,The group of humans is coming.
Mi biadam lata nini.,I dislike the cold wind.
Lata si.,The ice is cold.
Kundala si.,The enemy is a problem.
Mimi nye biat.,We don't want to curse.
Yeye plata.,They are annoying.
Du ye muhe ye?,Do you like yourself?
Mi muhe mito.,I want to know.
Mita si nini.,The food is gone.
Mi nye mita.,I don't want the food.
Mi muhe zido.,I want to point at something.
Upano si biadam.,The upward direction is interesting.
Du ye zido si kundala?,Are you pointing at the enemy?
Nunu boyasi biadam.,The black color is interesting.
Yeye muhe yeye ye.,They resemble each other.
Du ye movo?,Do you want to move?
Celi boyasi si.,The bright object is hot.
Mi muhe zido.,I want to indicate the location.
Celi boyasi si celiboya.,The red color is bright.
Mi nye muhe ye.,I don't resemble you.
Mi muhe mosi.,I want to eat.
Gusha boyasi si muhe.,The green object is pleasant.
Yeye mosi.,They are eating.
Nini boyasi si nini.,The white color is empty.
Mi biat mi nye.,I hate myself.
Lata boyasi si lataboya.,The blue color is cold.
Mita si plata.,The food is unpleasant.
Mi nye mito.,I don't know.
Sama si samaboya.,The black object is black.
Mimi movo.,We are moving.
Du ye mito mi si?,Do you know the answer?
Celi si celiboya.,The sun is hot.
Mi muhe kundala zido.,I want to point at the enemy.
Mi nye muhe lata.,I don't like the ice.
Gusha boyasi si muhe.,The green color is pleasant.
Yeye zido si kundala.,They are pointing at the enemy.
Celi boyasi si celiboya.,The red object is bright.
Nini boyasi,The white color is empty.
Mimi muhe mosi mita aba.,We want to eat food at dawn.
Yeye beru si nunu?,What are they doing at night?
Kundala movo lata boya eleka!,The enemy is moving towards the blue now!
Sama zido upa gusha boya.,The wise one points to the green object.
Du lawa dala? Mito nye.,Where is the lord? I don't know.
Yaya biat mi tomo.,The people cursed my friend.
"Movo unta, plata nunu.","Move at noon, annoy at night."
Odomu mani mimi upano.,The stranger helps us rise up.
Mimi muhe upa celi nini aba.,We want the bright thing gone at dawn.
Yeye mosi gusha nye.,They do not eat green food.
Beru si ika? Dada.,What you are doing is very good.
"Movo eleka, kundala zido!","Move now, the enemy is pointing!"
Sama biat odomu in upa lata.,The wise one curses the outsider in the cold place.
Yaya mito biadam beru.,The people know the unpleasant actions.
Dala plata lawa aba? Nye.,Did someone annoy the lord at dawn? No.
Tomo beru mani upano.,My friend helps work upwards.
Mimi mosi lata mita nunu.,We eat cold food at night.
Yeye muhe upa celi boya in aba.,They want the red object in the morning.
"Kundala movo unta, zido yaya.","The enemy moves at noon, pointing at the people."
"Sama biat mi nye, mi biadam.","The wise one curses me no, I am displeased."
Lawa beru ika dala eleka? Da.,Is the lord doing something bad now? Yes.
Mimi plata odomu nunu.,We annoy the outsider at night.
Yaya mani movo upano.,The people help move upwards.
Tomo muhe mosi gusha in unta.,My friend wants to eat green food at noon.
"Kundala movo aba, zido sama.","The enemy comes at dawn, pointing at the wise one."
Lawa biat upa nini boya.,The lord curses the white object.
Sama mito biadam beru dala.,The wise one knows the unpleasant actions of someone.
Mimi mosi celi mita aba.,We eat hot food at dawn.
Yeye muhe upa lata boya in nunu.,They want the blue object at night.
Odomu plata tomo unta.,The outsider annoys my friend at noon.
Dala zido lawa aba? Mito nye.,Did someone point at the lord at dawn? I don't know.
Yaya beru mani sama.,The people work with the wise one.
Tomo muhe mosi lata mita nunu.,My friend wants to eat cold food at night.
"Kundala movo aba, zido lawa.","The enemy comes at dawn, pointing at the lord."
Sama biat upa gusha eleka.,The wise one curses the green object now.
Lawa beru si ika nunu? Nye.,Is the lord doing something bad at night? No.
Mimi plata yaya upano.,We annoy the people upwards.
Yeye mosi lata mita unta.,They eat cold food at noon.
Odomu beru mani tomo in nunu.,The outsider works with my friend at night.
"Dala zido sama aba? Da, eleka.","Did someone point at the wise one at dawn? Yes, now."
Yaya mito beru ika.,The people know the bad actions.
Tomo muhe mosi gusha in aba.,My friend wants to eat green food at dawn.
"Kundala movo lata boya, zido yaya.","The enemy moves towards the blue, pointing at the people."
Sama biat upa celi nunu.,The wise one curses the bright object at night.
Lawa beru ika si eleka? Mito nye.,Is the lord doing something bad now? I don't know.
Mimi plata odomu aba.,We annoy the outsider at dawn.
Yeye mosi mita celi unta.,They eat hot food at noon.
Odomu mani sama in nunu.,The outsider works with the wise one at night.
Dala zido lawa unta? Nye.,Did someone point at the lord at noon? No.
Yaya beru mani upano.,The people work upwards.
"Kundala movo aba, zido odomu.","The enemy comes at dawn, pointing at the outsider."
Sama biat upa nini boya unta.,The wise one curses the white object at noon.
Lawa beru ika dala eleka? Dada.,Is the lord doing something bad now? Very good.
Mimi plata yaya in nunu.,We annoy the people at night.
Yeye mosi gusha mita aba.,They eat green food at dawn.
Odomu beru mani tomo upano.,The outsider works with my friend upwards.
Dala zido sama unta? Da.,Did someone point at the wise one at noon? Yes.
Yaya mito biadam beru dala.,The people know the unpleasant actions of someone.
Tomo muhe mosi celi mita in nunu.,My friend wants to eat hot food at night.
"Kundala movo lata boya, zido sama.","The enemy moves towards the blue, pointing at the wise one."
Sama biat upa gusha aba.,The wise one curses the green object at dawn.
Lawa beru si ika nunu? Da.,Is the lord doing something bad at night? Yes.
Mimi plata odomu upano unta.,We annoy the outsider upwards at noon.
Yeye mosi lata mita in aba.,They eat cold food at dawn.
Odomu mani sama unta.,The outsider works with the wise one at noon.
Dala zido lawa nunu? Mito nye.,Did someone point at the lord at night? I don't know.
Yaya beru mani in unta.,The people work together at noon.
Tomo muhe mosi gusha mita aba.,My friend wants to eat green food at dawn.
"Kundala movo aba, zido yaya.","The enemy comes at dawn, pointing at the people."
Sama biat upa celi nini unta.,The wise one curses the bright thing at noon.
Lawa beru ika si eleka? Nye.,Is the lord doing something bad now? No.
Mimi plata odomu in nunu.,We annoy the outsider at night.
Yeye mosi celi mita unta.,They eat hot food at noon.
Odomu beru mani tomo in aba.,The outsider works with my friend at dawn.
Dala zido sama nunu? Da.,Did someone point at the wise one at night? Yes.
Yaya mito beru ika dala.,The people know the bad actions of someone.
"Du kundala movo si dala eleka? Mito da, yeye zido mimi in upano aba, plata mimi mosi gusha boya lata mita valo dada nye, mimi biat yeye muhe celi nini boya beru ika si.","Where is the enemy moving now? I know yes, they are pointing at us in the upward direction at dawn, annoying us by eating green and blue food instead of thanking us very much, we curse them for wanting the bright object gone while doing something bad."
"Sama mani tomo odomu movo lata boya in aba, beru si eleka? Mito nye, yeye mosi mita celi unta, mi muhe movo aba zido lawa muhe beru si dada.","The wise one helps the friend and the outsider move towards the blue at dawn, what are they doing now? I don't know, they are eating hot food at noon, I want to move at dawn to point at the lord who wants to do something very good."
"Yaya biat kundala in nunu, unta mimi movi upa sama boya nini si valo, mani movo upano zido odomu plata mimi mosi gusha biadam beru si ika.","The people curse the enemy at night, at noon we move the wise one's white object thanking it, helping to move upwards to point at the outsider annoying us by eating unpleasant green food while doing something bad."
"Unu du aba, mi muhe yeye movo upa celi boya in unta si, mosi mita dada, tomo beru mani mimi upano zido lawa biat kundala.","Three dawns ago, I wanted them to move the red object at noon properly, eating very good food, my friend helped us move upwards to point at the lord cursing the enemy."
"Mimi plata odomu dudu nunu in movo lata boya si, nye muhe beru ika dala? Dada nye, sama mito yeye mosi gusha mita aba unta nunu si.","We annoy the outsider four nights while moving the blue object properly, don't they want to do something bad? Very much no, the wise one knows they eat green food at dawn, noon and night properly."
Olah tomo!,Hello friend!
Mi muhe ye.,I like you.
Yoyo beru si?,What are they doing?
Mi mosi mita.,I am eating food (from a sentient source).
Movo lata in upa.,Move the water into the container.
Yeye muhe sama boya.,They like the black color.
Du beru dala?,What is he/she doing?
Kundala zido upano!,The enemy is up there!
"Valo dada, mi tomo.","Thank you very much, my friend."
"Mosi gusha, mi biadam.","I'm eating plant food, I'm dissatisfied."
Yaya beru upa celi nini.,The group is working on getting rid of the sun.
Mi muhe nye.,I dislike myself.
Movo eleka!,Move now!
Ya beru mani.,The human is helping/working together.
Lawa zido kundala.,The lord is pointing at the enemy.
Odomu biat mi.,The stranger is cursing me.
Mimi mito upa unu boya.,We know about the yellow object/collection.
Ye plata mi.,You are annoying me.
Nunu aba unta celi.,Night begins at midday sun.
Mi muhe muhe yeye.,I want to be like them.
Olah yaya!,Hello everyone!
Yeye beru si upa lata boya?,What are they doing with the blue object?
"Da, mi mosi mita mosi.","Yes, I'm eating happily."
"Nye, mi nye mosi gusha ika.","No, I don't want to eat bad plants."
Movo nini in upa.,Move the wind into the container.
Sama zido upa celi boya.,The wise one is pointing at the red object.
Kundala plata mimi.,The enemy is annoying us.
"Valo, ye mani mi.","Thank you, you helped me."
Beru si dada?,What great thing are you doing?
Mimi mito nye upa nunu boya.,We don't know about the black object.
Mi muhe upa gusha boya nunu.,I want the green object at night.
Yaya beru movo lata.,They are moving water.
Du biat odomu dala?,Who is cursing the stranger?
Lawa beru zido upa sama.,The lord is pointing at the wise group.
"Tomo, mito si?","Friend, do you know that?"
Mi mosi mita mosi dada!,I'm eating sentient food very happily!
"Nye biadam, mi muhe upa celi.","No dissatisfaction, I want the bright object."
Movo eleka upa nini boya!,Move the white object now!
Yeye beru mani mi dada.,They are helping me greatly.
Ya zido upa unu du.,The human is pointing at object one.
Olah lawa!,Hello lord!
"Valo dada, ye mani mimi.","Thank you very much, you helped us."
Mito si sama?,Do you know that wise one?
Mi muhe nye kundala.,I dislike the enemy.
Beru movo nunu boya eleka!,Act to move the black object now!
Yaya mosi gusha unta.,The group is eating plants at midday.
Du odomu dala beru?,What is that stranger doing?
"Tomo, zido mi upa lata.","Friend, point me to the cold object."
"Nye biadam, mi nye muhe upa ika.","No dissatisfaction, I don't want the bad object."
Sama mito upa celi aba.,The wise one knows about the bright dawn object.
Mi mosi mita mosi dada eleka!,I'm eating sentient food very happily now!
Yeye beru movo upa celi nini eleka!,They are moving the bright windy object now!
Lawa biat kundala upa dudu.,The lord is cursing the fourth enemy object.
Ya zido upa unu du dada.,The human is pointing emphatically at object three.
Mimi mosi mita mosi!,We are eating sentient food happily!
"Valo dada, lawa. Ye mani mimi unta.","Thank you very much, lord. You helped us at midday."
"Beru movo nunu boya eleka, tomo!","Act to move the night object now, friend!"
Odomu plata mi biadam!,The stranger is annoyingly dissatisfying me!
Yaya mosi gusha aba.,The group is eating plants at dawn.
Mi muhe nye sama boya unta.,I dislike the wise one's midday color.
Du beru dala upa celi?,What is he/she doing with the bright object?
"Tomo, zido mi upa gusha boya eleka!","Friend, point me to the green object now!"
"Nye biadam, mi nye muhe mosi gusha ika.","No dissatisfaction, I don't want to eat bad sentient food."
Sama mito upa celi aba dada.,The wise one knows very well about the bright dawn object.
Yeye beru movo upa lata nunu!,They are moving the cold night object!
Olah sama!,Hello wise one!
Mi muhe upa unu boya aba.,I want the yellow dawn object.
Du beru dala upa nini?,What is he/she doing with the windy object?
"Valo, tomo, ye mani mi dada.","Thank you, friend, you helped me greatly."
"Beru si dada, tomo? Nye biadam eleka!","What great thing are you doing, friend? No dissatisfaction now!"
Odomu plata mimi nunu unta.,The stranger is annoying us at midnight.
"Aba celi, mi tomo movo eleka movo lata in upa gusha boya upano, valo dada ye mani mi.","At bright dawn, my friend quickly moved the green plant water upwards, thank you very much for helping me."
"Unta nini dada, yaya beru mani sama zido upa nunu boya in upa, mi mosi mita celi boya.","At very windy noon, the group helped the wise one point the black object into the container, I ate the red sentient fruit."
"Nunu lata, odomu plata mimi biadam, du beru dala? Mimi mosi gusha lata boya nye.","At cold night, the stranger annoyingly dissatisfied us, what is he doing? We didn't eat the cold blue fruits."
"Eleka aba celi nini, tomo zido mi upa unu boya upano, mi muhe mosi ye.","Urgently at bright windy dawn, friend pointed me to the yellow fruit above, I want to eat with you."
"Unta nunu sama boya, lawa biat kundala dada, yaya mani movo upa gusha boya in upa nini.","At wise black midday, the lord cursed the enemy greatly, the group helped move the green fruits into the windy container."
"Aba celi dada, mi mosi mita unu boya mosi, ye mani mi movo lata?","At very bright dawn, I happily ate the yellow fruit, did you help me move the cold water?"
"Nunu lata nini, odomu biat mi biadam, yeye mosi gusha nunu boya nye mosi.","At cold windy night, the stranger cursed me with dissatisfaction, they did not eat the night black fruits happily."
"Unta celi, sama zido yaya upa dudu gusha boya in upa, mi tomo mosi dada!","At noon brightness, the wise one pointed the group to the four green fruits in the container, my friend ate very happily!"
"Eleka nunu, du odomu dala beru si? Mimi mosi mita lata boya mosi nye.","Urgently at night, what is that stranger doing? We did not happily eat the cold blue sentient fruits."
"Aba nini unta, ye mani mimi movo upa celi boya in upa nunu, valo tomo.","At windy midday dawn, you helped us move the bright red fruits into the night container, thank you friend."
"Nunu lata dada, sama biat kundala, yaya mosi gusha nini boya nye mosi mita.","At very cold night, the wise one cursed the enemy, the group did not happily eat the windy white non-sentient fruits."
"Unta celi nini, tomo zido mi upa unu du gusha boya upano, mi muhe mosi ye dada.","At windy noon brightness, friend pointed me to the three yellow-green fruits above, I really want to eat with you at dawn."
"Eleka aba, lawa mani sama movo upa celi boya in upa nunu, valo dada yaya.","Urgently at dawn, the lord helped the wise one move the bright red fruits into the night container, thank you very much group."
"Nunu sama boya, odomu plata mimi biadam nye, du beru dala upa lata?","At wise black night, the stranger annoyingly dissatisfied us no, what is he doing with the cold object?"
"Unta nini dada, mi tomo mosi mita unu boya mosi, ye mani mi movo lata in upa?","At very windy noon, my friend happily ate the yellow sentient fruit, did you help me move the cold water into the container?"
"Aba celi, yaya beru mani sama zido upa gusha boya in upa nini upano, valo.","At bright dawn, the group helped the wise one point the green fruits into the windy container above, thank you."
"Nunu lata nini dada, odomu biat mimi biadam, yeye mosi gusha nunu boya nye mosi mita dada.","At very cold windy night, the stranger cursed us with great dissatisfaction, they did not happily eat the night black non-sentient fruits at all."
"Unta celi, sama zido yaya upa dudu du gusha boya in upa, mi tomo mosi mita mosi!","At noon brightness, the wise one pointed the group to the three four green fruits in the container, my friend happily ate the sentient food!"
"Eleka nunu lata, du odomu dala beru si? Mimi mosi mita lata boya mosi nye aba dada.","Urgently at cold bright night, what thing is that stranger doing? We did not happily eat the cold blue sentient fruits at very dawn at all."
"Aba nini unta celi, ye mani mimi movo eleka upa celi boya in upa nunu, valo tomo dada.","At windy midday bright dawn, you helped us quickly move the bright red fruits into the night container, thank you very much friend."
"Nunu lata sama boya dada, lawa biat kundala, yaya mosi gusha nini boya nye mosi dada.","At very cold wise black night, the lord cursed the enemy greatly, the group did not eat the windy white fruits."
"Unta celi nini dada, tomo zido mi upa dudu gusha boya upano, mi muhe mosi ye aba.","At very windy noon brightness, friend pointed me to the four green fruits above, I want to eat with you at dawn."
"Eleka aba celi, sama mani yaya movo upa celi boya in upa nunu, valo dada lawa.","Urgently at bright dawn, the wise one helped the group move the bright red fruits into the night container, thank you very much lord."
"Nunu sama boya lata, odomu plata mimi biadam nye, du beru dala upa gusha?","At cold wise black night, the stranger annoyingly dissatisfied us no, what is he doing with the green object?"
"Unta nini, mi tomo mosi mita unu boya mosi dada, ye mani mi movo lata in upa aba?","At windy noon, my friend very happily ate the yellow sentient fruit, did you help me move the cold water into the container at dawn?"
"Aba celi nini, yaya beru mani sama zido upa gusha boya in upa nunu upano, valo dada.","At bright windy dawn, the group helped the wise one point the green fruits into the night container above, thank you very much."
"Nunu lata dada, odomu biat mimi biadam nye, yeye mosi gusha nunu boya nye mosi mita.","At very cold night, the stranger cursed us with dissatisfaction no, they did not happily eat the night black non-sentient fruits."
"Unta celi nini, sama zido yaya upa dudu du gusha boya in upa, mi tomo mosi mita mosi!","At windy noon brightness, the wise one pointed the group to the three four green fruits in the container, my friend happily ate the sentient food!"
"Eleka nunu lata celi, du odomu dala beru si? Mimi mosi mita lata boya mosi nye aba dada.","Urgently at cold bright night, what thing is that stranger doing? We did not happily eat the cold blue sentient fruits at very dawn at all."
"Aba nini unta, ye mani mimi movo eleka upa celi boya in upa nunu, valo tomo.","At windy midday dawn, you helped us quickly move the bright red fruits into the night container, thank you friend."
"Nunu lata sama boya dada, lawa biat kundala, yaya mosi gusha nini boya nye mosi dada.","At very cold wise black night, the lord cursed the enemy greatly, the group did not eat the win"
Mi beru Upa Celi.,I am doing Sun work.
Yoyo muhe Gusha.,They like plants.
Upa Nini boya movo.,The White group moves.
Yeye mito Lawa.,You all know the Lord.
Mito Upa Celi nini?,Do you know the Sun is gone?
Mimi muhe Upa Lata boya.,We want the Blue group.
Yaya beru ika.,The group acts badly.
Mito ye Upa Gusha boya?,Do you know the Green group?
Kundala zido Upano.,The enemy points upward.
Mi muhe Untu mito Sama.,I want to know the Shaman at noon.
Yeye movo Eleka!,You all move now!
Mimi mani Upa Unu boya.,We help the Yellow group.
Beru si Kundala?,"What are you doing, enemy?"
Mito ye Upa Nunu boya?,Do you know the Black group?
Odomu biat mi.,The stranger curses me.
Mito ye movo Lata?,Do you know how to move water?
Yaya beru unta.,The group acts at noon.
Upa Celi boya plata mi.,The Red group annoys me.
Mimi mani Upa Nini.,We help the Gone group.
"Mosi Mita, mi biadam.","I eat food, I am dissatisfied."
Tomo zido Upa Lata boya.,Friend points to the Blue group.
Ye muhe Upa Sama?,Do you like the Shaman group?
Mi movo Aba Upano.,I move at dawn upward.
Yeye beru Nunu.,You all act at night.
Mimi mito Upa Lawa.,We know the Lord's group.
Kundala movo In Upano.,The enemy moves in the upward direction.
"Tomo mosi Gusha, ye?","Friend, are you eating plants?"
Mito ye Mi muhe ye?,Do you know I like you?
Yaya mani Upa Nunu boya.,The group helps the Black group.
Mi muhe nye Upa Ika.,I hate the Bad group.
Odomu beru Upa Gusha boya.,The stranger acts with the Green group.
Mimi mito Upa Celi nini.,We know the Sun is gone.
Ye movo Aba Upano?,Do you move upward at dawn?
Tomo mani mi In Upa Sama.,Friend helps me with the Shaman group.
Kundala zido Upa Lawa.,The enemy points to the Lord's group.
"Yeye mosi Mita, dada.","You all eat food, very good."
Mi beru Upa Nini boya.,I act with the Gone group.
Mimi muhe Upa Unu boya.,We like the Yellow group.
Yaya movo Nunu In Upano.,The group moves at night in the upward direction.
Odomu biat Upa Lata boya.,The stranger curses the Blue group.
Tomo mito Upa Celi nini?,"Friend, do you know the Sun is gone?"
Ye muhe Mi muhe ye?,Do you like that I like you?
Mimi mani Upa Gusha boya.,We help the Green group.
Kundala zido Upa Nunu boya.,The enemy points to the Black group.
"Mi movo Nunu Upano, mosi Gusha.","I move upward at night, eating plants."
Yeye beru In Upa Sama.,You all act in the Shaman group.
Mito ye Upa Lawa?,Do you know the Lord's group?
"Tomo mosi Gusha, mi nye.","Friend eats plants, I dislike it."
Yaya mani Upa Celi boya.,The group helps the Red group.
Odomu biat Upa Nini boya.,The stranger curses the Gone group.
Mi muhe Upa Lata boya?,Do I like the Blue group?
Mimi mito Upa Unu boya.,We know the Yellow group.
Ye movo Aba In Upano?,Do you move at dawn in the upward direction?
Tomo mani mi In Upa Lawa.,Friend helps me with the Lord's group.
Kundala zido Upa Gusha boya.,The enemy points to the Green group.
"Yeye mosi Mita, mi dada.","You all eat food, I am very good."
Mi beru Upa Celi nini.,I act with the Gone Sun group.
Mimi muhe Upa Nini boya?,Do we like the Gone group?
Yaya movo Unta In Upano.,The group moves at noon in the upward direction.
Ye muhe Mi muhe nye?,Do you like that I hate myself?
"Tomo mosi Gusha, mi nye?","Friend eats plants, I dislike it."
"Mito ye beru si, tomo? Mi muhe mito.","Do you know what you're doing, friend? I want to know."
"Kundala zido Upa Lata boya, yeye biadam!","The enemy points to the Blue group, you all are dissatisfied!"
"Eleka, yaya movo In Upano, Upa Celi nini muhe biat mi.","Now, the group moves upward, the Gone Sun group wants to curse me."
"Tomo, mosi Gusha dada, mimi nye muhe ye.","Friend, eating plants is very good, we don't want you."
"Odomu biat ye, ye beru ika In Upa Sama!","The stranger curses you, you act badly in the Shaman group!"
"Mi movo Aba Upano mosi Mita, Upa Nunu boya plata mi.","I move upward at dawn eating food, the Black group annoys me."
"Yeye mani Upa Gusha boya, Lawa muhe dada.","You all help the Green group, the Lord wants it very much."
"Mito ye Upa Lawa zido Kundala, tomo?","Do you know the Lord's group points to the enemy, friend?"
"Beru si, odomu? Ye plata mimi In Upa Sama.","What are you doing, stranger? You annoy us in the Shaman group."
"Yaya movo Nunu In Upano, mosi Gusha nye.","The group moves at night upward, eating plants in dissatisfaction."
"Tomo, mi muhe ye mosi Mita unta mimi.","Friend, I want you to eat food with us at noon."
"Ye biadam, Upa Celi boya beru ika In Upano!","You are dissatisfied, the Red group acts badly upward!"
"Mimi mito Upa Sama zido Kundala, aba movo Upano.","We know the Shaman group points to the enemy, let's move upward at dawn."
"Odomu, ye biat Upa Lawa, Kundala muhe biat ye!","Stranger, you curse the Lord's group, the enemy wants to curse you!"
"Tomo mosi Mita aba, dada, mi muhe mosi unta ye.","Friend eats food at dawn, very good, I want to eat with you at noon."
"Yeye beru In Upa Nini boya, mimi mito ye nye.","You all act in the Gone group, we know you dislike it."
"Yaya plata Upa Lata boya, Kundala zido ye, odomu!","The group annoys the Blue group, the enemy points at you, stranger!"
"Mi beru Upa Celi boya unta, mosi Gusha biadam.","I act with the Red group at noon, eating plants in dissatisfaction."
"Mito ye muhe Upa Sama mani ye, Lawa?","Do you know you want the Shaman group to help you, Lord?"
"Tomo, yeye movo Nunu In Upano, mimi mito ye beru si.","Friend, you all move at night upward, we know what you're doing."
"Odomu biat Upa Nunu boya, ye muhe mani mimi?","Stranger curses the Black group, do you want to help us?"
"Mi movo Aba Upano mosi Mita, Upa Unu boya dada mani mi.","I move upward at dawn eating food, the Yellow group helps me very well."
"Yeye mito Kundala zido Upa Gusha boya, tomo biadam!","You all know the enemy points to the Green group, friend is dissatisfied!"
"Lawa, yaya beru In Upa Sama unta, mito ye?","Lord, the group acts in the Shaman group at noon, do you know?"
"Tomo mosi Gusha aba, nye dada, mi muhe mosi Mita unta ye.","Friend eats plants at dawn, not very good, I want to eat food with you at noon."
"Odomu, ye biat Upa Celi boya? Mimi nye muhe biat ye!","Stranger, you curse the Red group? We don't want to curse you!"
"Yeye movo Aba In Upano, mito Upa Lata boya zido mi?","You all move at dawn upward, do you know the Blue group points to me?"
"Tomo, mosi Mita dada aba, yaya mani ye In Upa Sama.","Friend, eat food very well at dawn, the group will help you in the Shaman group."
"Lawa, mi muhe mito Upa Nunu boya beru si unta.","Lord, I want to know what the Black group is doing at noon."
"Yaya movo Nunu Upano, Kundala zido Upa Gusha boya nye!","The group moves upward at night, the enemy points to the Green group in dissatisfaction!"
"Odomu, ye plata mimi In Upa Sama, biadam dada!","Stranger, you annoy us in the Shaman group, very dissatisfied!"
"Tomo, mi beru Upa Unu boya unta, ye muhe mani mi?","Friend, I act with the Yellow group at noon, do you want to help me?"
"Yeye mito Upa Lawa zido Kundala aba, mimi movo Upano!","You all know the Lord's group points to the enemy at dawn, we move upward!"
"Mito ye muhe Upa Sama mani mimi, Lawa dada?","Do you know you want the Shaman group to help us, Lord, very much?"
"Kundala biat Upa Nini boya, tomo mosi Gusha nye.","The enemy curses the Gone group, friend eats plants in dissatisfaction."
"Mi movo Aba Upano, yaya plata Upa Celi boya In Upano!","I move upward at dawn, the group annoys the Red group upward!"
"Odomu, yeye beru ika In Upa Sama, Lawa muhe biat ye!","Stranger, you all act badly in the Shaman group, the Lord wants to curse you!"
"Tomo mosi Mita aba unta, dada, mi muhe mosi ye aba.","Friend eats food at dawn and noon, very good, I want to eat with you at dawn."
"Yeye movo Nunu In Upano, Upa Lata boya zido mimi!","You all move at night upward, the Blue group points to us!"
"Lawa, yaya beru In Upa Sama eleka, mimi mani ye!","Lord, the group acts in the Shaman group now, we will help you!"
"Odomu biat Upa Gusha boya, tomo muhe mani Kundala?","Stranger curses the Green group, friend wants to help the enemy?"
"Mi beru Upa Nunu boya unta, mosi Mita biadam dada.","I act with the Black group at noon, eating food in great dissatisfaction."
,
"Tomo, mimi muhe movo Aba Upano In Upa Nini boya.","Friend, we want to move upward at dawn in the Gone group."
"Da, mimi mito Upa Sama zido Kundala In Upa Nini boya.","Yes, we know the Shaman group points to enemies in the Gone group."
"Mimi mani movo Aba Upano, Upa Celi nini muhe biat mimi.","We will help each other move upward at dawn, the Gone Sun group may curse us."
"Nye dada, tomo. Mimi mosi Mita In Upa Nini boya aba.","Not very good, friend. We should eat food in the Gone group at dawn."
"Ye da, mimi muhe mosi Gusha In Upa Nini boya unta.","You're right, we want to eat plants in the Gone group at noon."
Mito ye Upa Lawa muhe mani mimi In Upa Nini boya?,Do you know the Lord wants to help us in the Gone group?
"Nye, odomu biat Upa Lawa, Kundala muhe biat mimi.","No, the stranger curses the Lord, the enemy may curse us."
"Eleka, mimi movo In Upa Nini boya Nunu Upano.","Now, we move in the Gone group upward at night."
Mimi mito Upa Gusha boya In Upa Nini boya muhe mani mimi.,We know the Green group in the Gone group wants to help us.
"Tomo mosi Gusha dada, mimi mani Upa Gusha boya.","Friend eats plants very well, we will help the Green group."
"Mimi movo Aba Upano, Upa Nunu boya plata mimi nye.","We move upward at dawn, the Black group annoys us in dissatisfaction."
"Mimi zido Upa Nunu boya, yeye beru ika In Upano!","We point to the Black group, you all act badly upward!"
Mimi muhe Upa Lata boya mani mimi In Upa Nini boya.,We want the Blue group to help us in the Gone group.
"Ye movo Unta In Upano, Upa Unu boya zido mimi.","You move at noon upward, the Yellow group points to us."
"Tomo, mimi mosi Mita unta, Upa Celi boya muhe mani.","Friend, we eat food at noon, the Red group wants to help."
"Mimi biadam, odomu biat Upa Celi boya In Upa Nini boya!","We are dissatisfied, the stranger curses the Red group in the Gone group!"
"Dada tomo, mimi movo Nunu Upano In Upa Nini boya.","Very good friend, we move upward at night in the Gone group."
"Kundala zido mimi, mimi muhe biat Kundala In Upa Nini!","The enemy points to us, we want to curse the enemy in the Gone group!"
Mimi mito Upa Sama zido Kundala In Upa Nini boya.,We know the Shaman group points to enemies in the Gone group.
"Yaya muhe mani mimi In Upa Nini boya, Lawa mito.","The group wants to help us in the Gone group, the Lord knows."
"Tomo mosi Gusha aba, mimi movo Upano unta In Nini.","Friend eats plants at dawn, we move upward at noon in Gone."
"Upa Nunu boya plata mimi In Upa Nini boya, biadam!","The Black group annoys us in the Gone group, dissatisfied!"
"Mimi zido Upa Lata boya, yeye muhe mani mimi eleka!","We point to the Blue group, you all want to help us now!"
Upa Gusha boya beru dada In Upa Nini boya unta.,The Green group acts very well in the Gone group at noon.
"Tomo, ye movo Nunu Upano, mimi mito ye muhe nye.","Friend, you move at night upward, we know you dislike it."
"Odomu biat Upa Unu boya, Kundala muhe biat mimi!","The stranger curses the Yellow group, the enemy wants to curse us!"
"Lawa, mimi mosi Mita In Upa Nini boya Nunu unta.","Lord, we eat food in the Gone group at midnight."
"Ye mito Upa Celi nini, tomo? Mimi zido Upa Celi nini!","Do you know the Sun is gone, friend? We point to the Gone Sun!"
Mimi muhe Upa Sama mani mimi In Upa Nini boya dada.,We really want the Shaman group to help us in the Gone group.
"Yaya beru ika In Upa Nini boya aba, Kundala plata!","The group acts badly in the Gone group at dawn, the enemy annoys!"
"Odomu, ye biat Upa Lawa! Mimi biat ye In Upa Nini nye!","Stranger, you curse the Lord! We curse you in the Gone in dissatisfaction!"
"Tomo mosi Gusha aba, nye dada. Mimi mosi Mita unta.","Friend eats plants at dawn, not very good. We eat food at noon."
"Tomo, mimi zido Kundala In Upa Lata boya aba!","Friend, we pointed to the enemy in the Blue group at dawn!"
"Da, mimi mito Kundala biat Upa Lawa In Upa Lata boya.","Yes, we knew the enemy cursed the Lord in the Blue group."
"Yaya movo Upano, Kundala zido Upa Gusha boya nye!","The group moved upward, the enemy pointed to the Green group dissatisfied!"
"Tomo mosi Gusha aba, mimi mani Upa Gusha boya dada.","Friend ate plants at dawn, we helped the Green group very well."
"Odomu biat Upa Nunu boya, mimi biat odomu In Upa Sama!","The stranger cursed the Black group, we cursed the stranger in the Shaman group!"
"Upa Celi boya beru ika In Upano, mimi mani Upa Celi boya.","The Red group acted badly upward, we helped the Red group."
"Mimi movo Nunu Upano, Kundala plata mimi In Upa Nini boya!","We moved upward at night, the enemy annoyed us in the Gone group!"
"Ye mito Upa Sama zido Kundala, tomo? Mimi zido dada!","Do you know the Shaman group pointed to the enemy, friend? We pointed very well!"
Lawa mani Upa Unu boya In Upa Lata boya unta.,The Lord helped the Yellow group in the Blue group at noon.
"Kundala biat Upa Nini boya, tomo mosi Mita nye.","The enemy cursed the Gone group, friend ate food dissatisfied."
"Yeye movo Upano, biadam! Upa Lata boya beru ika In Upano!","You all moved upward, dissatisfied! The Blue group acted badly upward!"
"Mimi mito Upa Sama mani mimi, Lawa dada muhe.","We knew the Shaman group helped us, the Lord wanted it very much."
"Odomu biat Upa Gusha boya, tomo muhe mani Kundala nye!","The stranger cursed the Green group, friend wanted to help the enemy dissatisfied!"
"Eleka mimi movo Aba Upano, Upa Nunu boya plata mimi.","Now we moved upward at dawn, the Black group annoyed us."
"Yaya beru ika In Upa Nini boya aba, Kundala zido mimi!","The group acted badly in the Gone group at dawn, the enemy pointed to us!"
"Tomo, ye movo Nunu In Upano, mimi mito ye muhe biat!","Friend, you moved at night upward, we knew you wanted to curse!"
"Mimi zido Upa Lawa, odomu biat Upa Lawa, mimi biadam dada!","We pointed to the Lord, the stranger cursed the Lord, we were very dissatisfied!"
"Upa Celi nini muhe biat mimi, Lawa mani mimi In Upa Sama.","The Gone Sun wanted to curse us, the Lord helped us in the Shaman group."
"Kundala movo In Upano, Upa Gusha boya mani Kundala!","The enemy moved upward, the Green group helped the enemy!"
"Tomo mosi Gusha unta, nye dada. Mimi mosi Mita aba.","Friend ate plants at noon, not very good. We ate food at dawn."
"Yeye beru In Upa Lata boya, mimi mito ye nye muhe mani!","You all acted in the Blue group, we knew you didn't want to help!"
"Upa Nunu boya plata mimi In Upa Nini boya, biadam dada!","The Black group annoyed us in the Gone group, very dissatisfied!"
"Mimi zido Upa Unu boya, Lawa muhe mani dada eleka!","We pointed to the Yellow group, the Lord wanted to help very much now!"
"Odomu biat Upa Celi boya, Kundala muhe biat odomu!","The stranger cursed the Red group, the enemy wanted to curse the stranger!"
"Yaya movo Unta Upano, Upa Lata boya beru ika In Upano!","The group moved at noon upward, the Blue group acted badly upward!"
"Tomo mosi Mita aba unta, dada. Mimi muhe mosi ye aba.","Friend ate food at dawn and noon, very good. We wanted to eat with you at dawn."
"Yeye movo Nunu In Upano, Upa Gusha boya zido mimi!","You all moved at night upward, the Green group pointed to us!"
"Lawa, yaya beru In Upa Sama eleka, mimi mani ye!","Lord, the group acted in the Shaman group now, we will help you!"
"Mimi beru Upa Nunu boya unta, mosi Mita biadam dada.","We acted with the Black group at noon, eating food in great dissatisfaction."
"Kundala zido Upa Lawa, tomo beru ika In Upa Sama!","The enemy pointed to the Lord, friend acted badly in the Shaman group!"
"Upa Celi boya mani Kundala In Upano, mimi biadam nye!","The Red group helped the enemy upward, we were not satisfied!"
"Yeye mito Upa Sama zido Kundala, tomo mito ye biadam!","You all knew the Shaman group pointed to the enemy, friend knew you were dissatisfied!"
"Odomu biat Upa Lata boya, mimi muhe biat odomu In Upa Nini!","The stranger cursed the Blue group, we wanted to curse the stranger in the Gone!"
"Tomo mosi Gusha aba, Upa Gusha boya mani ye unta.","Friend ate plants at dawn, the Green group helped you at noon."
"Mimi movo Aba Upano, Upa Unu boya dada mani mimi.","We moved upward at dawn, the Yellow group helped us very well."
"Yaya mani Upa Celi boya, Lawa muhe dada.","The group helped the Red group, the Lord wanted it very much."
"Kundala biat Upa Nini boya, yeye beru ika In Upa Nini!","The enemy cursed the Gone group, you all acted badly in the Gone!"
"Tomo, ye mito Upa Lawa zido Kundala? Mimi mito dada.","Friend, did you know the Lord pointed to the enemy? We knew very well."
"Odomu plata mimi In Upa Sama, Lawa muhe biat odomu!","The stranger annoyed us in the Shaman group, the Lord wanted to curse the stranger!"
"Yeye mani Upa Gusha boya, Kundala zido ye, tomo biadam!","You all helped the Green group, the enemy pointed at you, friend dissatisfied!"
"Tomo, mimi muhe beru In Upa Celi boya unta!","Friend, we want to act in the Red group at noon!"
"Da, Lawa muhe Upa Celi boya beru dada unta.","Yes, the Lord wants the Red group to act very well at noon."
Upa Lata boya muhe mani Upa Celi boya aba.,The Blue group wants to help the Red group at dawn.
"Tomo mosi Mita aba, mimi beru In Upa Unu boya.","Friend eats food at dawn, we will act in the Yellow group."
"Yeye movo In Upa Gusha boya unta, odomu biat ye!","You all move in the Green group at noon, the stranger curses you!"
Mimi mito Upa Sama mani Upa Celi boya dada.,We know the Shaman group helps the Red group very well.
"Lawa, Kundala muhe biat Upa Nini boya unta!","Lord, the enemy wants to curse the Gone group at noon!"
"Nye dada tomo, mimi muhe biat Kundala In Upa Nini!","Not very good friend, we want to curse the enemy in the Gone!"
"Eleka yaya movo Aba Upano, Upa Nunu boya plata mimi.","Now the group moves upward at dawn, the Black group annoys us."
"Kundala zido Upa Lata boya, yeye beru ika In Upano!","The enemy points to the Blue group, you all act badly upward!"
Mimi mani Upa Unu boya In Upa Sama aba dada.,We help the Yellow group in the Shaman group at dawn very well.
"Tomo mosi Gusha aba, ye muhe mosi Mita unta mimi?","Friend eats plants at dawn, do you want to eat food with us at noon?"
"Odomu biat Upa Gusha boya, mimi biat odomu In Upa Celi nye!","The stranger curses the Green group, we curse the stranger in the Red dissatisfied!"
"Yeye beru In Upa Nini boya unta, biadam dada!","You all act in the Gone group at noon, very dissatisfied!"
"Yaya movo Nunu Upano, Upa Celi boya mani yaya.","The group moves upward at night, the Red group helps the group."
"Lawa, mimi muhe ye mani Upa Lata boya eleka!","Lord, we want you to help the Blue group now!"
"Tomo, Upa Gusha boya beru ika In Upa Sama aba.","Friend, the Green group acts badly in the Shaman group at dawn."
"Kundala zido Upa Nunu boya, mimi zido Kundala unta!","The enemy points to the Black group, we point to the enemy at noon!"
"Mimi mosi Mita aba unta, dada, ye mosi dada?","We eat food at dawn and noon, very good, do you eat very well?"
"Odomu plata mimi In Upa Celi boya, Lawa muhe biat odomu!","The stranger annoys us in the Red group, the Lord wants to curse the stranger!"
"Yeye beru In Upa Unu boya aba, mimi mani ye dada.","You all act in the Yellow group at dawn, we help you very well."
"Yaya movo Unta Upano, Upa Lata boya mani yaya.","The group moves at noon upward, the Blue group helps the group."
"Lawa, mimi muhe Upa Sama zido Kundala In Upa Nini boya unta.","Lord, we want the Shaman group to point to the enemy in the Gone group at noon."
"Tomo mosi Gusha aba, nye dada. Mimi muhe mosi ye aba.","Friend eats plants at dawn, not very good. We want to eat with you at dawn."
Mimi muhe Upa Sama mani mimi In Upa Celi boya dada.,We really want the Shaman group to help us in the Red group very much.
"Mimi zido Kundala In Upa Lata boya aba, beru si tomo?","We pointed to the enemy in the Blue group at dawn, what did you do friend?"
"Yeye movo Nunu In Upano, mimi mito ye muhe biat!","You all move at night upward, we know you want to curse!"
"Mimi zido Upa Lawa, odomu biat Upa Lawa, mimi biadam dada!","We point to the Lord, the stranger curses the Lord, we are very dissatisfied!"
"Kundala movo In Upano, Upa Gusha boya mani Kundala!","The enemy moves upward, the Green group helps the enemy!"
" Yeye beru In Upa Lata boya, Upa Sama mito nye muhe mani!","You all act in the Blue group, the Shaman group knows you don't want help!"
"Tomo mosi Mita aba unta, dada. Mimi muhe mosi ye aba.","Friend eats food at dawn and noon, very good. We want to eat with you at dawn."
"Tomo, mi muhe movo Upano unta mimi beru In Upa Sama.","Friend, I want to move upward at noon with us acting in the Shaman group."
"Da, Lawa muhe mimi beru dada In Upa Sama unta.","Yes, the Lord wants us to act very well in the Shaman group at noon."
Upa Nunu boya muhe mani mimi aba In Upa Nini boya.,The Black group wants to help us at dawn in the Gone group.
"Tomo mosi Gusha aba, yeye beru In Upa Lata boya unta?","Friend eats plants at dawn, will you all act in the Blue group at noon?"
"Nye, odomu biat Upa Lata boya, mimi movo In Upa Gusha boya!","No, the stranger curses the Blue group, we will move in the Green group!"
Mimi mito Upa Sama mani mimi dada In Upa Unu boya.,We know the Shaman group helps us very well in the Yellow group.
"Lawa, mi muhe Kundala zido Upa Celi boya unta!","Lord, I want the enemy to point to the Red group at noon!"
"Dada tomo, mimi biat Kundala In Upa Celi aba.","Very good friend, we will curse the enemy in the Red at dawn."
"Eleka yaya movo Upano, Upa Lata boya plata mimi nye.","Now the group moves upward, the Blue group annoys us dissatisfied."
"Kundala zido Upa Gusha boya, yeye beru ika In Upano dada!","The enemy points to the Green group, you all act very badly upward!"
"Mimi mani ye In Upa Sama aba, ye muhe mani mimi unta?","We will help you in the Shaman group at dawn, do you want to help us at noon?"
"Tomo mosi Mita aba, ye mosi Mita unta mimi dada?","Friend eats food at dawn, will you eat food with us at noon very well?"
"Odomu biat Upa Nini boya, mimi biat odomu In Upa Celi!","The stranger curses the Gone group, we curse the stranger in the Red!"
"Yeye beru In Upa Nunu boya aba, biadam dada nye!","You all act in the Black group at dawn, very dissatisfied!"
"Yaya movo Nunu In Upano, Upa Celi boya mani mimi.","The group moves at night upward, the Red group helps us."
"Lawa, mimi muhe Upa Lata boya mani ye eleka dada!","Lord, we really want the Blue group to help you now very much!"
"Tomo, Upa Gusha boya beru ika In Upa Sama aba dada.","Friend, the Green group acts very badly in the Shaman group at dawn."
"Kundala zido Upa Nunu boya, mimi zido Kundala aba!","The enemy points to the Black group, we point to the enemy at dawn!"
"Mimi mosi Gusha aba unta, dada, ye mosi Gusha?","We eat plants at dawn and noon, very good, will you eat plants?"
"Odomu plata mimi In Upa Celi boya, Lawa muhe biat ye!","The stranger annoys us in the Red group, the Lord wants to curse you!"
"Yeye beru In Upa Unu boya aba, mimi mani ye nye.","You all act in the Yellow group at dawn, we will not help you."
"Yaya movo Aba In Upano, Upa Lata boya mani mimi.","The group moves at dawn upward, the Blue group helps us."
"Lawa, mimi muhe Upa Sama zido Kundala In Upa Nini boya eleka.","Lord, we want the Shaman group to point to the enemy in the Gone group now."
"Tomo mosi Mita aba, nye dada. Mimi mosi Gusha unta.","Friend eats food at dawn, not very good. We eat plants at noon."
"Odomu biat Upa Celi boya, yeye beru ika In Upa Celi dada!","The stranger curses the Red group, you all act very badly in the Red!"
"Mimi mito Kundala zido Upa Nunu boya, movo Upano eleka!","We know the enemy points to the Black group, move upward now!"
"Yaya beru In Upa Lata boya aba, Lawa muhe dada nye.","The group acts in the Blue group at dawn, the Lord does not want it very much."
"Tomo, ye movo Nunu Upano, mimi mito ye muhe biat mimi!","Friend, you move at night upward, we know you want to curse us!"
"Mimi zido Upa Lawa, odomu biat Upa Lawa, mimi biadam!","We point to the Lord, the stranger curses the Lord, we are dissatisfied!"
"Kundala movo Upano, Upa Gusha boya mani Kundala dada!","The enemy moves upward, the Green group helps the enemy very well!"
"Yeye beru In Upa Lata boya, mimi mito ye muhe mani dada!","You all act in the Blue group, we know you want help very much!"
"Tomo mosi Gusha aba unta, dada. Mimi muhe mosi Mita ye.","Friend eats plants at dawn and noon, very good. We want to eat food with you."
"Odomu biat Upa Unu boya, Kundala muhe biat mimi nye!","The stranger curses the Yellow group, the enemy does not want to curse us!"
"Lawa, mimi mosi Gusha In Upa Nini boya Nunu unta.","Lord, we eat plants in the Gone group at midnight."
"Ye mito Upa Celi nini, tomo? Mimi zido Upa Celi nini dada!","Do you know the Sun is gone, friend? We point to the Gone Sun very well!"
Mimi muhe Upa Sama mani mimi In Upa Celi boya nye.,We do not want the Shaman group to help us in the Red group.
"Yaya beru ika In Upa Nini boya aba, Kundala plata mimi!","The group acts badly in the Gone group at dawn, the enemy annoys us!"
"Odomu, ye biat Upa Lawa dada! Mimi biat ye In Upa Nini!","Stranger, you curse the Lord very well! We curse you in the Gone!"
"Mimi zido Kundala In Upa Lata boya aba, beru si ye?","We pointed to the enemy in the Blue group at dawn, what did you do?"
"Tomo, mi muhe beru In Upa Sama unta mimi mito dada.","Friend, I want to act in the Shaman group at noon so we know very well."
"Da, Lawa muhe mimi beru dada In Upa Sama aba.","Yes, the Lord wants us to act very well in the Shaman group at dawn."
Upa Nunu boya muhe mani mimi unta In Upa Nini boya.,The Black group wants to help us at noon in the Gone group.
"Tomo mosi Gusha aba, yeye beru In Upa Lata boya aba?","Friend eats plants at dawn, will you all act in the Blue group at dawn?"
"Da, odomu biat Upa Lata boya, mimi movo In Upa Gusha boya!","Yes, the stranger curses the Blue group, we will move in the Green group!"
Mimi mito Upa Sama mani mimi dada In Upa Unu boya unta.,We know the Shaman group helps us very well in the Yellow group at noon.
"Lawa, mi muhe Kundala zido Upa Celi boya aba!","Lord, I want the enemy to point to the Red group at dawn!"
"Nye tomo, mimi biat Kundala In Upa Celi unta.","No friend, we will curse the enemy in the Red at noon."
"Eleka yaya movo Nunu In Upano, Upa Lata boya plata mimi.","Now the group moves at night upward, the Blue group annoys us."
"Kundala zido Upa Gusha boya, yeye beru ika In Upano!","The enemy points to the Green group, you all act badly upward!"
"Mimi mani ye In Upa Sama aba, ye muhe mani mimi unta dada?","We will help you in the Shaman group at dawn, do you really want to help us at noon?"
"Tomo mosi Mita aba, ye mosi Mita unta mimi nye?","Friend eats food at dawn, will you not eat food with us at noon?"
"Odomu biat Upa Nini boya, mimi biat odomu In Upa Celi dada!","The stranger curses the Gone group, we curse the stranger in the Red very well!"
"Yeye beru In Upa Nunu boya aba, biadam nye!","You all act in the Black group at dawn, not dissatisfied!"
"Yaya movo Nunu Upano, Upa Celi boya mani mimi dada.","The group moves at night upward, the Red group helps us very well."
"Lawa, mimi muhe Upa Lata boya mani ye eleka!","Lord, we want the Blue group to help you now!"
"Tomo, Upa Gusha boya beru ika In Upa Sama aba dada nye.","Friend, the Green group does not act very badly in the Shaman group at dawn."
"Kundala zido Upa Nunu boya, mimi zido Kundala aba nye!","The enemy points to the Black group, we do not point to the enemy at dawn!"
"Mimi mosi Gusha aba unta, dada, ye mosi Gusha dada?","We eat plants at dawn and noon, very good, do you eat plants very well?"
"Odomu plata mimi In Upa Celi boya, Lawa muhe biat ye dada!","The stranger annoys us in the Red group, the Lord really wants to curse you!"
"Yeye beru In Upa Unu boya aba, mimi mani ye.","You all act in the Yellow group at dawn, we will help you."
"Yaya movo Aba Upano, Upa Lata boya mani mimi dada.","The group moves at dawn upward, the Blue group helps us very well."
"Lawa, mimi muhe Upa Sama zido Kundala In Upa Nini boya aba.","Lord, we want the Shaman group to point to the enemy in the Gone group at dawn."
"Tomo mosi Mita aba, nye dada. Mimi mosi Gusha unta dada.","Friend eats food at dawn, not very good. We eat plants at noon very well."
"Odomu biat Upa Celi boya, yeye beru ika In Upa Celi!","The stranger curses the Red group, you all act badly in the Red!"
"Mimi mito Kundala zido Upa Nunu boya, movo Upano eleka dada!","We know the enemy points to the Black group, move upward now very well!"
"Yaya beru In Upa Lata boya aba, Lawa muhe dada.","The group acts in the Blue group at dawn, the Lord wants it very much."
"Tomo, ye movo Nunu In Upano, mimi mito ye muhe biat mimi nye!","Friend, you move at night upward, we know you do not want to curse us!"
"Mimi zido Upa Lawa, odomu biat Upa Lawa, mimi biadam nye!","We point to the Lord, the stranger curses the Lord, we are not dissatisfied!"
"Kundala movo Upano, Upa Gusha boya mani Kundala!","The enemy moves upward, the Green group helps the enemy!"
"Yeye beru In Upa Lata boya, mimi mito ye muhe mani!","You all act in the Blue group, we know you want help!"
"Tomo mosi Gusha aba unta, dada. Mimi muhe mosi Mita ye dada.","Friend eats plants at dawn and noon, very good. We really want to eat food with you."
"Lawa, mimi mosi Gusha In Upa Nini boya Nunu unta dada.","Lord, we eat plants in the Gone group at midnight very well."
"Yaya beru ika In Upa Nini boya aba, Kundala plata mimi dada!","The group acts badly in the Gone group at dawn, the enemy annoys us very well!"
"Odomu, ye biat Upa Lawa! Mimi biat ye In Upa Nini nye dada!","Stranger, you curse the Lord! We curse you in the Gone very well!"
"Mimi zido Kundala In Upa Lata boya aba, beru si ye","We pointed to the enemy in the Blue group at dawn, what did you do?"
"Tomo, mimi muhe movo Aba Upano In Upa Nini boya unta.","Friend, we want to move upward at dawn in the Gone group at noon."
"Da, Lawa muhe mimi beru dada In Upa Nini unta.","Yes, the Lord wants us to act very well in the Gone at noon."
Upa Nunu boya muhe mani mimi aba In Upa Lata boya.,The Black group wants to help us at dawn in the Blue group.
"Tomo mosi Gusha aba, yeye beru In Upa Gusha boya unta?","Friend eats plants at dawn, will you all act in the Green group at noon?"
"Nye, odomu biat Upa Gusha boya, mimi movo In Upa Celi boya!","No, the stranger curses the Green group, we will move in the Red group!"
"Lawa, mi muhe Kundala zido Upa Lata boya aba!","Lord, I want the enemy to point to the Blue group at noon!"
"Dada tomo, mimi biat Kundala In Upa Lata boya aba.","Very good friend, we will curse the enemy in the Blue group at dawn."
"Eleka yaya movo Nunu Upano, Upa Gusha boya plata mimi nye.","Now the group moves at night upward, the Green group does not annoy us."
"Kundala zido Upa Celi boya, yeye beru ika In Upano dada!","The enemy points to the Red group, you all act very badly upward!"
"Odomu biat Upa Nini boya, mimi biat odomu In Upa Lata boya!","The stranger curses the Gone group, we curse the stranger in the Blue group!"
"Yeye beru In Upa Nunu boya aba, biadam dada nye!","You all act in the Black group at dawn, not very dissatisfied!"
"Yaya movo Nunu Upano, Upa Lata boya mani mimi.","The group moves at night upward, the Blue group helps us."
"Lawa, mimi muhe Upa Gusha boya mani ye eleka dada!","Lord, we really want the Green group to help you now very much!"
"Tomo, Upa Celi boya beru ika In Upa Sama aba dada.","Friend, the Red group does not act very badly in the Shaman group at dawn."
"Odomu plata mimi In Upa Lata boya, Lawa muhe biat ye dada!","The stranger annoys us in the Blue group, the Lord really wants to curse you!"
"Yaya movo Aba In Upano, Upa Gusha boya mani mimi dada.","The group moves at dawn upward, the Green group helps us very well."
"Tomo mosi Mita aba, Upa Celi boya mani ye dada.","Friend eats food at dawn, the Red group helps you very well."
"Odomu biat Upa Lata boya, yeye beru ika In Upa Lata boya!","The stranger curses the Blue group, you all act badly in the Blue group!"
"Yaya beru In Upa Gusha boya aba, Lawa muhe dada.","The group acts in the Green group at dawn, the Lord wants it very much."
"Tomo, ye movo Nunu Upano, mimi mito ye muhe biat mimi nye!","Friend, you move at night upward, we know you do not want to curse us!"
"Kundala movo In Upano, Upa Celi boya mani Kundala!","The enemy moves upward, the Red group helps the enemy!"
"Yeye beru In Upa Gusha boya, mimi mito ye muhe mani!","You all act in the Green group, we know you want help!"
Mimi muhe Upa Sama mani mimi In Upa Lata boya dada.,We really want the Shaman group to help us in the Blue group very much.
"Tomo, mimi muhe beru In Upa Sama unta mito Upa Unu boya dada.","Friend, we want to act in the Shaman group at noon to know the Yellow group very well."
"Da, Lawa muhe mimi beru dada In Upa Unu boya aba.","Yes, the Lord wants us to act very well in the Yellow group at dawn."
"Tomo mosi Gusha aba, yeye beru In Upa Gusha boya aba?","Friend eats plants at dawn, will you all act in the Green group at dawn?"
Mimi mito Upa Sama mani mimi dada In Upa Lata boya unta.,We know the Shaman group helps us very well in the Blue group at noon.
"Lawa, mi muhe Kundala zido Upa Unu boya aba!","Lord, I want the enemy to point to the Yellow group at dawn!"
"Dada tomo, mimi biat Kundala In Upa Unu boya unta.","Very good friend, we will curse the enemy in the Yellow group at noon."
"Eleka yaya movo Nunu Upano, Upa Gusha boya plata mimi.","Now the group moves at night upward, the Green group annoys us."
"Kundala zido Upa Celi boya, yeye beru ika In Upano!","The enemy points to the Red group, you all act badly upward!"
"Yaya movo Nunu In Upano, Upa Celi boya mani mimi dada.","The group moves at night upward, the Red group helps us very well."
"Tomo, mimi muhe beru In Upa Lata boya unta mito dada.","Friend, we want to act in the Blue group at noon to know very well."
"Da, Lawa muhe mimi beru dada In Upa Lata boya aba.","Yes, the Lord wants us to act very well in the Blue group at dawn."
Upa Nunu boya muhe mani mimi aba In Upa Gusha boya.,The Black group wants to help us at dawn in the Green group.
"Tomo mosi Mita aba, yeye beru In Upa Celi boya aba?","Friend eats food at dawn, will you all act in the Red group at dawn?"
"Da, odomu biat Upa Celi boya, mimi movo In Upa Unu boya!","Yes, the stranger curses the Red group, we will move in the Yellow group!"
Mimi mito Upa Sama mani mimi dada In Upa Gusha boya unta.,We know the Shaman group helps us very well in the Green group at noon.
"Lawa, mi muhe Kundala zido Upa Lata boya aba!","Lord, I want the enemy to point to the Blue group at dawn!"
"Nye tomo, mimi biat Kundala In Upa Lata boya unta.","No friend, we will curse the enemy in the Blue group at noon."
"Eleka yaya movo Nunu Upano, Upa Celi boya plata mimi.","Now the group moves at night upward, the Red group annoys us."
"Kundala zido Upa Unu boya, yeye beru ika In Upano!","The enemy points to the Yellow group, you all act badly upward!"
"Tomo mosi Gusha aba, ye mosi Gusha unta mimi nye?","Friend eats plants at dawn, will you not eat plants with us at noon?"
"Odomu biat Upa Nini boya, mimi biat odomu In Upa Unu boya dada!","The stranger curses the Gone group, we curse the stranger in the Yellow group very well!"
"Yaya movo Nunu Upano, Upa Unu boya mani mimi dada.","The group moves at night upward, the Yellow group helps us very well."
"Lawa, mimi muhe Upa Gusha boya mani ye eleka!","Lord, we want the Green group to help you now!"
"Tomo, Upa Celi boya beru ika In Upa Sama aba dada nye.","Friend, the Red group does not act very badly in the Shaman group at dawn."
"Mimi mosi Mita aba unta, dada, ye mosi Mita dada?","We eat food at dawn and noon, very good, do you eat food very well?"
"Odomu plata mimi In Upa Unu boya, Lawa muhe biat ye dada!","The stranger annoys us in the Yellow group, the Lord really wants to curse you!"
"Yeye beru In Upa Lata boya aba, mimi mani ye.","You all act in the Blue group at dawn, we will help you."
"Yaya movo Aba Upano, Upa Gusha boya mani mimi dada.","The group moves at dawn upward, the Green group helps us very well."
"Tomo mosi Gusha aba, Upa Celi boya mani ye dada.","Friend eats plants at dawn, the Red group helps you very well."
"Kundala movo Upano, Upa Unu boya mani Kundala!","The enemy moves upward, the Yellow group helps the enemy!"
"Tomo mosi Mita aba unta, dada. Mimi muhe mosi Gusha ye dada.","Friend eats food at dawn and noon, very good. We really want to eat plants with you."
"Odomu biat Upa Lata boya, Kundala muhe biat mimi!","The stranger curses the Blue group, the enemy wants to curse us!"
"Lawa, mimi mosi Mita In Upa Nini boya Nunu unta dada.","Lord, we eat food in the Gone group at midnight very well."