Hilichurl,English
Yeye mosi gusha.,They are unhappy.
Mimi biat Yoyo.,We curse them.
"Mimi beru Upa Nunu boya unta, mosi Mita biadam dada.","We acted with the Black group at noon, eating food in great dissatisfaction."
Lawa mani Upa Unu boya In Upa Lata boya unta.,The Lord helped the Yellow group in the Blue group at noon.
Du si Yeye/Yoyo,"What is they, them?"
Mi mosi mita.,I am eating food (from a sentient source).
Yeye mosi gusha.,They are discontent with the food.
"Mi muhe Gusha Boya, yeye beru mi tomo, mi muhe Nini Boya.","I prefer green, they are doing it, I prefer white."
"Tomo, ye mito Upa Lawa zido Kundala? Mimi mito dada.","Friend, did you know the Lord pointed to the enemy? We knew very well."
"Du Tomo Ya Mito Sama Nunu, Yeye Beru Valo Mimi.","If your human friend knows the night shaman, they will help us."
"Mi muhe Sama, mi muhe Eleka, mi muhe Nunu Boya.","I like the individual with high intellect, I like now, I like black."
Odomu mani sama in nunu.,The outsider works with the wise one at night.
Lata Boya Mosi Gusha Boya.,Blue I am unhappy green.
"Odomu, ye plata mimi In Upa Sama, biadam dada!","Stranger, you annoy us in the Shaman group, very dissatisfied!"
Du si Lawa,"What is figure of great authority, lord, king?"
Nini boyasi si nini.,The white color is empty.
"Da, Lawa muhe mimi beru dada In Upa Unu boya aba.","Yes, the Lord wants us to act very well in the Yellow group at dawn."
"Lawa, mimi mosi Mita In Upa Nini boya Nunu unta.","Lord, we eat food in the Gone group at midnight."
Mi muhe mi muhe mi muhe mi nye.,"I want what I want, and I don’t want any of it."
"Mi muhe Movo Lata, mi muhe Sama.","I want to move the water, I appreciate the intellect."
Mita!,Food!
"Unta celi nini dada, tomo zido mi upa dudu gusha boya upano, mi muhe mosi ye aba.","At very windy noon brightness, friend pointed me to the four green fruits above, I want to eat with you at dawn."
"Mi movo Nunu Upano, mosi Gusha.","I move upward at night, eating plants."
Du si Beru,What are you doing?
Yeye beru si yaya.,They are doing that thing to the group.
"Unta celi nini, sama zido yaya upa dudu du gusha boya in upa, mi tomo mosi mita mosi!","At windy noon brightness, the wise one pointed the group to the three four green fruits in the container, my friend happily ate the sentient food!"
"Yeye beru In Upa Nini boya unta, biadam dada!","You all act in the Gone group at noon, very dissatisfied!"
Mimi muhe Upa Sama mani mimi In Upa Celi boya dada.,We really want the Shaman group to help us in the Red group very much.
"Valo Dada, tomomo.","Thank you very much, friend."
Lawa biat upa nini boya.,The lord curses the white object.
Du beru dala upa nini?,What is he/she doing with the windy object?
"Tomo mosi Gusha aba, nye dada. Mimi mosi Mita unta.","Friend eats plants at dawn, not very good. We eat food at noon."
Upa Gusha boya beru dada In Upa Nini boya unta.,The Green group acts very well in the Gone group at noon.
"Da, odomu biat Upa Celi boya, mimi movo In Upa Unu boya!","Yes, the stranger curses the Red group, we will move in the Yellow group!"
Mosi mita eleka!,I am happy now!
Yaya beru ika.,The group acts badly.
"Odomu biat ye, ye beru ika In Upa Sama!","The stranger curses you, you act badly in the Shaman group!"
Yeye muhe sama boya.,They like the black color.
"Odomu biat Upa Lata boya, yeye beru ika In Upa Lata boya!","The stranger curses the Blue group, you all act badly in the Blue group!"
Mita si nini.,The food is gone.
Kundala plata mimi.,The enemy is annoying us.
"Mimi zido Upa Unu boya, Lawa muhe mani dada eleka!","We pointed to the Yellow group, the Lord wanted to help very much now!"
Odomu biat Upa Nini boya.,The stranger curses the Gone group.
"Tomo, mito si?","Friend, do you know that?"
Tomo muhe mosi gusha in aba.,My friend wants to eat green food at dawn.
Yeye lawa.,They are kings.
"Mi muhe Mosi Gusha, mi muhe Nunu Boya.","I dislike eating, I like black."
"Tomo, Upa Gusha boya beru ika In Upa Sama aba dada.","Friend, the Green group acts very badly in the Shaman group at dawn."
"Da, Lawa muhe mimi beru dada In Upa Nini unta.","Yes, the Lord wants us to act very well in the Gone at noon."
"Da, ya beru si.","Yes, the human does that."
Yeye mosi.,They are eating.
"Dada tomo, mimi biat Kundala In Upa Unu boya unta.","Very good friend, we will curse the enemy in the Yellow group at noon."
"Mi muhe Mosi Mita, mi muhe Nunu Boya.","I am happy, I like black."
Tomo zido Upa Lata boya.,Friend points to the Blue group.
"Valo, ya beru si, mi muhe Mita.","Thank you, the human does that, I like food."
"Kundala movo Upano, Upa Gusha boya mani Kundala!","The enemy moves upward, the Green group helps the enemy!"
Celi boyasi si celiboya.,The red object is bright.
Mi Muhe Upa Celi Nini si,I want sun gone is.
Mi muhe boyo lata celi.,I want the blue object red.
Mosi Gusha Boya.,I am unhappy green.
"Mimi zido Upa Nunu boya, yeye beru ika In Upano!","We point to the Black group, you all act badly upward!"
"Mi muhe Lata, ya beru si, mi muhe Eleka.","I like cold, the human does that, I like now."
Mi muhe Nunu Boya.,I like black.
Sama mito upa celi aba.,The wise one knows about the bright dawn object.
"Nye, mi muhe Mita.","No, I like food."
Lawa beru si ika nunu? Da.,Is the lord doing something bad at night? Yes.
Yeye beru si nunu?,What are they doing at night?
Yeye mosi mita.,They are content with the food.
Kundala zido Upa Nunu boya.,The enemy points to the Black group.
"Nunu sama boya lata, odomu plata mimi biadam nye, du beru dala upa gusha?","At cold wise black night, the stranger annoyingly dissatisfied us no, what is he doing with the green object?"
"Mimi mani ye In Upa Sama aba, ye muhe mani mimi unta?","We will help you in the Shaman group at dawn, do you want to help us at noon?"
Nini movo.,The wind is blowing.
Dala zido sama unta? Da.,Did someone point at the wise one at noon? Yes.
Unu Boya si,Yellow is.
Odomu beru mani tomo upano.,The outsider works with my friend upwards.
"Yaya beru ika In Upa Nini boya aba, Kundala zido mimi!","The group acted badly in the Gone group at dawn, the enemy pointed to us!"
Mi muhe Mi Muhe Upa Celi Nini.,I like to want the sun to be gone.
Mi Muhe mi nunu si.,I want me night.
Du si Mani,"What is to help, to work together?"
Du si Celi,"What is bright, hot?"
Mita Da.,Food yes.
"Tomo mosi Gusha aba unta, dada. Mimi muhe mosi Mita ye dada.","Friend eats plants at dawn and noon, very good. We really want to eat food with you."
Yaya mosi gusha aba.,The group is eating plants at dawn.
Mimi movo.,We are moving.
"Mito ye beru si, tomo? Mi muhe mito.","Do you know what you're doing, friend? I want to know."
Mi muhe si lataboya.,I want the blue object.
Yeye mosi celi mita unta.,They eat hot food at noon.
"Kundala biat Upa Nini boya, yeye beru ika In Upa Nini!","The enemy cursed the Gone group, you all acted badly in the Gone!"
"Odomu plata mimi In Upa Sama, Lawa muhe biat odomu!","The stranger annoyed us in the Shaman group, the Lord wanted to curse the stranger!"
Lata Boya Dudu.,Blue four.
Yaya mani movo upano.,The people help move upwards.
Mani mi tomo,I help my friend.
Dala zido lawa unta? Nye.,Did someone point at the lord at noon? No.
Du si Nini,"What is wind, anemo, empty, gone?"
"Mi muhe Mosi Mita, mi muhe Eleka.","I like to eat food, I like now."
"Tomo mosi Mita aba, dada, mi muhe mosi unta ye.","Friend eats food at dawn, very good, I want to eat with you at noon."
Nini si,"Wind, anemo, empty, gone is."
"Yaya movo Aba In Upano, Upa Gusha boya mani mimi dada.","The group moves at dawn upward, the Green group helps us very well."
"Tomo, mi muhe beru In Upa Sama unta mimi mito dada.","Friend, I want to act in the Shaman group at noon so we know very well."
Yeye mosi lata mita in aba.,They eat cold food at dawn.
"Tomo mosi Gusha aba, ye muhe mosi Mita unta mimi?","Friend eats plants at dawn, do you want to eat food with us at noon?"
Mi muhe upa celi nini,I want the bright thing to end.
Du si Eleka,"What is now, urgency?"
Upa Celi boya plata mi.,The Red group annoys me.
"Kundala movo lata boya, zido sama.","The enemy moves towards the blue, pointing at the wise one."
Mimi plata odomu aba.,We annoy the outsider at dawn.
Upa Du.,Collection two.
Tomo mosi mita mi.,My friend is enjoying the food.
"Kundala movo Upano, Upa Gusha boya mani Kundala dada!","The enemy moves upward, the Green group helps the enemy very well!"
"Odomu biat Upa Celi boya, Kundala muhe biat odomu!","The stranger cursed the Red group, the enemy wanted to curse the stranger!"
Valo dada si olah,"Thank you very much, that thing is hello."
Mimi mito Upa Gusha boya In Upa Nini boya muhe mani mimi.,We know the Green group in the Gone group wants to help us.
"Lawa, mimi muhe Upa Sama zido Kundala In Upa Nini boya unta.","Lord, we want the Shaman group to point to the enemy in the Gone group at noon."
"Eleka yaya movo Upano, Upa Lata boya plata mimi nye.","Now the group moves upward, the Blue group annoys us dissatisfied."
Upa Nunu boya muhe mani mimi aba In Upa Nini boya.,The Black group wants to help us at dawn in the Gone group.
Du lawa dala? Mito nye.,Where is the lord? I don't know.
Mi muhe upa unu boya aba.,I want the yellow dawn object.
Du si Mi,"What is I, me?"
Yeye muhe valo dada.,They want very good.
Plata si,"To annoy, to do something unpleasant is."
"Lawa, mimi muhe Upa Lata boya mani ye eleka dada!","Lord, we really want the Blue group to help you now very much!"
"Mi muhe Lata, ya beru si, mi muhe Nini Boya.","I like cold, the human does that, I like white."
Dala plata lawa aba? Nye.,Did someone annoy the lord at dawn? No.
"Mimi mito Kundala zido Upa Nunu boya, movo Upano eleka dada!","We know the enemy points to the Black group, move upward now very well!"
"Yeye beru In Upa Lata boya aba, mimi mani ye.","You all act in the Blue group at dawn, we will help you."
Mimi mito Upa Sama mani mimi dada In Upa Gusha boya unta.,We know the Shaman group helps us very well in the Green group at noon.
"Beru movo nunu boya eleka, tomo!","Act to move the night object now, friend!"
Sama Boya Mi Muhe Ye.,Intellectual I want you.
"Ye da, mimi muhe mosi Gusha In Upa Nini boya unta.","You're right, we want to eat plants in the Gone group at noon."
Lawa beru ika si eleka? Nye.,Is the lord doing something bad now? No.
Odomu mani sama unta.,The outsider works with the wise one at noon.
"Tomo, ye movo Nunu In Upano, mimi mito ye muhe biat!","Friend, you moved at night upward, we knew you wanted to curse!"
Sama mito upa celi aba dada.,The wise one knows very well about the bright dawn object.
"Tomo mosi Gusha aba, nye dada. Mimi muhe mosi ye aba.","Friend eats plants at dawn, not very good. We want to eat with you at dawn."
Du si Valo,What is thank you?
"Eleka aba celi, sama mani yaya movo upa celi boya in upa nunu, valo dada lawa.","Urgently at bright dawn, the wise one helped the group move the bright red fruits into the night container, thank you very much lord."
"Valo dada, ye mani mimi.","Thank you very much, you helped us."
Yeye mosi mita.,They are happy.
"Nye, odomu biat Upa Lawa, Kundala muhe biat mimi.","No, the stranger curses the Lord, the enemy may curse us."
"Mimi biadam, odomu biat Upa Celi boya In Upa Nini boya!","We are dissatisfied, the stranger curses the Red group in the Gone group!"
Eleka si,"Now, urgency is."
"Mimi zido Kundala In Upa Lata boya aba, beru si ye","We pointed to the enemy in the Blue group at dawn, what did you do?"
Ye/Yo Beru Si.,You what are you doing?
Boya si,"Collection of things, grouped object is."
Yeye si gusha mita,They are food from sentient living organisms.
Upano si biadam.,The upward direction is interesting.
Eleka Mani Mimi!,Help us now!
Mi muhe zido.,I want to indicate the location.
Ya zido upa unu du.,The human is pointing at object one.
Unu Boya Du.,Yellow two.
"Eleka aba, lawa mani sama movo upa celi boya in upa nunu, valo dada yaya.","Urgently at dawn, the lord helped the wise one move the bright red fruits into the night container, thank you very much group."
Lawa zido kundala.,The lord is pointing at the enemy.
"Yeye beru In Upa Nunu boya aba, biadam nye!","You all act in the Black group at dawn, not dissatisfied!"
Mita Mi Muhe Ye.,Food I want you.
Du ye movo?,Do you want to move?
"Kundala zido Upa Lawa, tomo beru ika In Upa Sama!","The enemy pointed to the Lord, friend acted badly in the Shaman group!"
Mimi muhe Upa Lata boya mani mimi In Upa Nini boya.,We want the Blue group to help us in the Gone group.
Si boya lata,That thing is blue.
Du beru dala?,What is he/she doing?
Da Mosi Gusha Boya.,Yes I am unhappy green.
"Lawa, mi muhe Kundala zido Upa Celi boya aba!","Lord, I want the enemy to point to the Red group at dawn!"
"Nunu lata nini dada, odomu biat mimi biadam, yeye mosi gusha nunu boya nye mosi mita dada.","At very cold windy night, the stranger cursed us with great dissatisfaction, they did not happily eat the night black non-sentient fruits at all."
Du Yeye mani mi?,Do they help me?
Yeye mito Lawa.,You all know the Lord.
Ye/Yo si,You is.
Mi Muhe Yeye.,I want you.
Mi Muhe Ye si,I love you is.
Mito si,To know is.
"Kundala movo aba, zido odomu.","The enemy comes at dawn, pointing at the outsider."
Ya Zido.,Human there.
"Du Aba Celi, Yoyo Movo Lata Nunu; Du Unta Lata, Yoyo Movo Celi Aba.","If the sun rises, they move to the water at night; If it's noon, they move to the sun at dawn."
Yeye muhe yeye ye.,They resemble each other.
Lawa si.,The king is a figure of great authority.
Yeye/Yoyo si,"They, them is."
Yeye plata.,They are annoying.
Celi boyasi si celiboya.,The red color is bright.
Celi Boya si,Red is.
"Tomo, mimi muhe beru In Upa Celi boya unta!","Friend, we want to act in the Red group at noon!"
"Tomo mosi Gusha aba, yeye beru In Upa Gusha boya unta?","Friend eats plants at dawn, will you all act in the Green group at noon?"
"Odomu biat Upa Nini boya, mimi biat odomu In Upa Unu boya dada!","The stranger curses the Gone group, we curse the stranger in the Yellow group very well!"
"Kundala biat Upa Nini boya, tomo mosi Gusha nye.","The enemy curses the Gone group, friend eats plants in dissatisfaction."
"Odomu plata mimi In Upa Celi boya, Lawa muhe biat ye!","The stranger annoys us in the Red group, the Lord wants to curse you!"
"Tomo mosi Mita aba, nye dada. Mimi mosi Gusha unta.","Friend eats food at dawn, not very good. We eat plants at noon."
Du si Aba,"What is beginning, start, dawn, sunrise?"
Tomo mito Upa Celi nini?,"Friend, do you know the Sun is gone?"
"Yaya beru ika In Upa Nini boya aba, Kundala plata!","The group acts badly in the Gone group at dawn, the enemy annoys!"
"Mi muhe Mosi Mita, mi muhe Nunu Boya.","I am happy, I prefer black."
Odomu plata tomo unta.,The outsider annoys my friend at noon.
Tomo muhe mosi gusha mita aba.,My friend wants to eat green food at dawn.
Tomo mani mi In Upa Sama.,Friend helps me with the Shaman group.
"Odomu biat Upa Lata boya, Kundala muhe biat mimi!","The stranger curses the Blue group, the enemy wants to curse us!"
Yeye beru si ya.,They are doing that thing to the human.
"Da, Lawa muhe mimi beru dada In Upa Sama aba.","Yes, the Lord wants us to act very well in the Shaman group at dawn."
"Tomo mosi Gusha aba, Upa Celi boya mani ye dada.","Friend eats plants at dawn, the Red group helps you very well."
Yeye Nini In Nunu?,Did they disappear at night?
Celi Boya Da.,Red yes.
Du Wei dala? Mi muhe Upa.,Where is the collection? I find it.
Du Wei dala? Mito nye!,Where did the human go? I don’t know!
Upa Unu Du.,Collection three.
Unu yaya in Upano.,One group of humans in the sky.
"Yeye mito Upa Lawa zido Kundala aba, mimi movo Upano!","You all know the Lord's group points to the enemy at dawn, we move upward!"
"Lawa, mimi muhe ye mani Upa Lata boya eleka!","Lord, we want you to help the Blue group now!"
"Da, Lawa muhe mimi beru dada In Upa Sama unta.","Yes, the Lord wants us to act very well in the Shaman group at noon."
Mi muhe upa celi nini,I want the sun to go away.
Du si Lata,"What is cold, ice?"
Mito ye Mi muhe ye?,Do you know I like you?
"Odomu biat Upa Gusha boya, mimi biat odomu In Upa Celi nye!","The stranger curses the Green group, we curse the stranger in the Red dissatisfied!"
Du si Tomo,What is friend?
Yoyo Plata Mimi In Aba.,The humans are annoying us in the morning!
Nini Boya Beru Si Zido.,White what are you indicating?
"Mi muhe Mosi Mita, mi muhe Eleka.","I am happy, I feel now."
Nunu Boya Si.,Black that.
Olah si,Hello is.
"Yeye movo Nunu In Upano, Upa Lata boya zido mimi!","You all move at night upward, the Blue group points to us!"
"Tomo, mimi muhe movo Aba Upano In Upa Nini boya.","Friend, we want to move upward at dawn in the Gone group."
"Tomo, ye movo Nunu Upano, mimi mito ye muhe nye.","Friend, you move at night upward, we know you dislike it."
Yaya movo Nunu In Upano.,The group moves at night in the upward direction.
Unu boya valo,One red thank you.
Gusha Boya Mosi Mita.,Green I am happy.
Upano si,"Upward direction, height, flight is."
Nunu si,"Night, end is."
Plata!,Leave!
Mito nye!,I don’t know!
Unu Boya Da.,Yellow yes.
Kundala si,"Enemy, problem is."
Ye movo Aba Upano?,Do you move upward at dawn?
"Nunu lata dada, odomu biat mimi biadam nye, yeye mosi gusha nunu boya nye mosi mita.","At very cold night, the stranger cursed us with dissatisfaction no, they did not happily eat the night black non-sentient fruits."
Du si Mosi,"What is to eat, to relate, Are you fine?"
"Mi muhe Lata, ya beru si, mi muhe Mosi Mita.","I like cold, the human does that, I am happy."
"Yaya movo Aba Upano, Upa Lata boya mani mimi dada.","The group moves at dawn upward, the Blue group helps us very well."
Yaya beru mani in unta.,The people work together at noon.
"Beru Si, ya beru si.",What are you doing? The human does that.
Yaya mito beru ika dala.,The people know the bad actions of someone.
Valo.,Thank you.
Upa Nunu boya muhe mani mimi aba In Upa Lata boya.,The Black group wants to help us at dawn in the Blue group.
"Upa Nunu boya plata mimi In Upa Nini boya, biadam dada!","The Black group annoyed us in the Gone group, very dissatisfied!"
Kundala Zido Upano!,Enemy above!
"Tomo mosi Gusha aba, yeye beru In Upa Lata boya aba?","Friend eats plants at dawn, will you all act in the Blue group at dawn?"
Mi nye muhe lata.,I don't like the ice.
"Beru Si, yeye beru mi tomo, mi muhe Mita.","What are you doing? They are doing it, I like food."
Yaya beru mani sama.,The people work with the wise one.
Mimi muhe Upa Unu boya.,We like the Yellow group.
Yeye beru In Upa Sama.,You all act in the Shaman group.
Mimi mani Upa Unu boya In Upa Sama aba dada.,We help the Yellow group in the Shaman group at dawn very well.
"Tomo, yeye movo Nunu In Upano, mimi mito ye beru si.","Friend, you all move at night upward, we know what you're doing."
Mi muhe Ye muhe Tomo.,I like you like a friend.
Mi muhe Lata Boya.,I like blue.
Beru si ika? Dada.,What you are doing is very good.
Beru si dada?,What great thing are you doing?
Tomo mosi gusha mi.,My friend is unhappy.
Movo nini in upa.,Move the wind into the container.
Yeye movo Eleka!,You all move now!
Mi muhe Untu mito Sama.,I want to know the Shaman at noon.
"Mosi gusha, mi biadam.","I'm eating plant food, I'm dissatisfied."
"Yaya movo Nunu In Upano, mosi Gusha nye.","The group moves at night upward, eating plants in dissatisfaction."
Mi beru Upa Celi.,I am doing Sun work.
Biadam mi muhe,I dislike it.
Nunu eleka!,Night now!
Mimi mito Upa Lawa.,We know the Lord's group.
"Kundala zido Upa Celi boya, yeye beru ika In Upano dada!","The enemy points to the Red group, you all act very badly upward!"
Yeye beru movo upa celi nini eleka!,They are moving the bright windy object now!
Yeye si boya,They are red.
Valo Dada Movo Lata.,Thank you very good water.
Mi muhe mi muhe mi muhe mi muhe.,"I want what I want, and I want all of it, even more than before."
Lata Boya Si.,Blue that.
Ya si,"Humans, humanoid creatures is."
"Upa Celi boya mani Kundala In Upano, mimi biadam nye!","The Red group helped the enemy upward, we were not satisfied!"
Mimi muhe mosi mita aba.,We want to eat food at dawn.
Nye Mi Muhe Nye.,Bad I hate myself.
"Mi movo Aba Upano mosi Mita, Upa Nunu boya plata mi.","I move upward at dawn eating food, the Black group annoys me."
"Tomo mosi Gusha, ye?","Friend, are you eating plants?"
"Mi muhe Mi Muhe Nye, mi muhe Gusha Boya, mi muhe Lata.","I like to hate myself, I like green, I like cold."
Odomu biat mi.,The stranger curses me.
"Mimi mito Kundala zido Upa Nunu boya, movo Upano eleka!","We know the enemy points to the Black group, move upward now!"
"Yeye beru In Upa Gusha boya, mimi mito ye muhe mani!","You all act in the Green group, we know you want help!"
Du valo,Two thank you.
Mi si,"I, me is."
Mi muhe mi nye.,I like me no.
Mi muhe mi muhe mi muhe mi.,"I want what I want, and I want all of it."
"Lawa, mimi muhe Upa Sama zido Kundala In Upa Nini boya aba.","Lord, we want the Shaman group to point to the enemy in the Gone group at dawn."
"Kundala movo unta, zido yaya.","The enemy moves at noon, pointing at the people."
Yeye zido si kundala.,They are pointing at the enemy.
Celi Boya Mosi Gusha Boya.,Red I am unhappy green.
Unu olah,One hello.
Du si Zido,"What is to point, to indicate location, to attack?"
Odomu plata mimi nunu unta.,The stranger is annoying us at midnight.
"Yeye mito Kundala zido Upa Gusha boya, tomo biadam!","You all know the enemy points to the Green group, friend is dissatisfied!"
Lawa beru ika dala eleka? Da.,Is the lord doing something bad now? Yes.
"Tomo, mimi muhe beru In Upa Sama unta mito Upa Unu boya dada.","Friend, we want to act in the Shaman group at noon to know the Yellow group very well."
Yeye muhe upa lata boya in nunu.,They want the blue object at night.
"Da, mimi mito Upa Sama zido Kundala In Upa Nini boya.","Yes, we know the Shaman group points to enemies in the Gone group."
"Yeye movo In Upa Gusha boya unta, odomu biat ye!","You all move in the Green group at noon, the stranger curses you!"
"Aba nini unta, ye mani mimi movo eleka upa celi boya in upa nunu, valo tomo.","At windy midday dawn, you helped us quickly move the bright red fruits into the night container, thank you friend."
"Mimi zido Upa Lawa, odomu biat Upa Lawa, mimi biadam!","We point to the Lord, the stranger curses the Lord, we are dissatisfied!"
"Tomo mosi Mita aba, ye mosi Mita unta mimi nye?","Friend eats food at dawn, will you not eat food with us at noon?"
Lawa beru ika dala eleka? Dada.,Is the lord doing something bad now? Very good.
Nye si,No is.
"Lawa, Kundala muhe biat Upa Nini boya unta!","Lord, the enemy wants to curse the Gone group at noon!"
"Valo dada, mi tomo.","Thank you very much, my friend."
"Tomo, mi beru Upa Unu boya unta, ye muhe mani mi?","Friend, I act with the Yellow group at noon, do you want to help me?"
Muhe yeye si,They like that thing.
Yeye beru movo upa lata nunu!,They are moving the cold night object!
Dudu biadam.,Four distaste.
Mimi muhe Upa Sama mani mimi In Upa Nini boya dada.,We really want the Shaman group to help us in the Gone group.
Mi Muhe Nye Mi Muhe Beru.,I hate what I do.
Unu boya mosi mita,One red food from sentient living organisms.
"Eleka yaya movo Nunu Upano, Upa Gusha boya plata mimi nye.","Now the group moves at night upward, the Green group does not annoy us."
"Odomu biat Upa Celi boya, yeye beru ika In Upa Celi dada!","The stranger curses the Red group, you all act very badly in the Red!"
"Mimi mito Upa Sama mani mimi, Lawa dada muhe.","We knew the Shaman group helped us, the Lord wanted it very much."
Mito ye Upa Gusha boya?,Do you know the Green group?
Olah tomo!,Hello friend!
Nini Boya Mi.,White I.
"Da, odomu biat Upa Lata boya, mimi movo In Upa Gusha boya!","Yes, the stranger curses the Blue group, we will move in the Green group!"
Tomo Dada!,Friend good!
"Lawa, mimi muhe Upa Gusha boya mani ye eleka!","Lord, we want the Green group to help you now!"
"Yeye movo Nunu In Upano, mimi mito ye muhe biat!","You all move at night upward, we know you want to curse!"
Unu ya in Upano.,One human in the sky.
"Yaya beru In Upa Lata boya aba, Lawa muhe dada nye.","The group acts in the Blue group at dawn, the Lord does not want it very much."
Beru si mi muhe gusha boyo.,What am I doing with the green object?
Odomu beru mani tomo in nunu.,The outsider works with my friend at night.
Sama zido upa celi boya.,The wise one is pointing at the red object.
Dala zido lawa nunu? Mito nye.,Did someone point at the lord at night? I don't know.
Odomu mosi mita?,Is the stranger enjoying the food?
Du si Ika,"What is bad, not good?"
"Kundala zido Upa Lata boya, yeye beru ika In Upano!","The enemy points to the Blue group, you all act badly upward!"
Mi muhe Gusha Boya.,I like green.
"Mi muhe Unu Boya, yeye beru mi tomo, mi muhe Mi Muhe Nye.","I like yellow, they are doing it, I like to hate myself."
"Eleka yaya movo Nunu In Upano, Upa Lata boya plata mimi.","Now the group moves at night upward, the Blue group annoys us."
"Olah, mi muhe ye.","Hello, I like you."
Si Mi Muhe Ye.,That I want you.
Kundala zido upano!,The enemy is up there!
Lawa si,"Figure of great authority, lord, king is."
Du wei dala?,Where did he go?
"Kundala movo In Upano, Upa Gusha boya mani Kundala!","The enemy moved upward, the Green group helped the enemy!"
"Lawa, mimi muhe Upa Lata boya mani ye eleka!","Lord, we want the Blue group to help you now!"
Du ye mito mi si?,Do you know the answer?
Yeye beru si upa lata boya?,What are they doing with the blue object?
"Odomu, yeye beru ika In Upa Sama, Lawa muhe biat ye!","Stranger, you all act badly in the Shaman group, the Lord wants to curse you!"
"Yeye beru In Upa Nunu boya aba, biadam dada nye!","You all act in the Black group at dawn, not very dissatisfied!"
"Odomu, ye biat Upa Lawa, Kundala muhe biat ye!","Stranger, you curse the Lord's group, the enemy wants to curse you!"
"Nye tomo, mimi biat Kundala In Upa Lata boya unta.","No friend, we will curse the enemy in the Blue group at noon."
Du valo dada.,Two very good.
Sama biat odomu in upa lata.,The wise one curses the outsider in the cold place.
"Yaya beru In Upa Gusha boya aba, Lawa muhe dada.","The group acts in the Green group at dawn, the Lord wants it very much."
"Movo unta, plata nunu.","Move at noon, annoy at night."
Mimi mito Upa Sama zido Kundala In Upa Nini boya.,We know the Shaman group points to enemies in the Gone group.
"Eleka Movo Lata Upano, Kundala Zido Yoyo In Nini Boya!","Move the water upwards, the enemy is attacking them in the white place!"
Lata Boya Da Mosi.,Blue yes I am fine.
"Dala zido sama aba? Da, eleka.","Did someone point at the wise one at dawn? Yes, now."
"Kundala movo lata boya, zido yaya.","The enemy moves towards the blue, pointing at the people."
Mimi mito Upa Sama mani mimi dada In Upa Lata boya unta.,We know the Shaman group helps us very well in the Blue group at noon.
Ya zido upa unu du dada.,The human is pointing emphatically at object three.
Mito ye Upa Nunu boya?,Do you know the Black group?
"Aba celi nini, yaya beru mani sama zido upa gusha boya in upa nunu upano, valo dada.","At bright windy dawn, the group helped the wise one point the green fruits into the night container above, thank you very much."
"Tomo mosi Gusha aba, yeye beru In Upa Lata boya unta?","Friend eats plants at dawn, will you all act in the Blue group at noon?"
Tomo mani mi In Upa Lawa.,Friend helps me with the Lord's group.
"Si Nini Boya, Biadam Mimi.","If it's white, we don't like it."
Mimi si,"We, us is."
Du si upa,That thing is a collection of things.
Yeye beru mi tomo!,"They are doing it, my friend!"
"Valo Dada, ya beru si, mi muhe Mi Muhe Upa Celi Nini.","Thank you very much, the human does that, I wish for the sun to be gone."
"Unta nunu sama boya, lawa biat kundala dada, yaya mani movo upa gusha boya in upa nini.","At wise black midday, the lord cursed the enemy greatly, the group helped move the green fruits into the windy container."
"Mi muhe Nini Boya, ya beru si, mi muhe Eleka.","I like white, the human does that, I like now."
"Upa Nunu boya plata mimi In Upa Nini boya, biadam!","The Black group annoys us in the Gone group, dissatisfied!"
Mosi gusha mi biadam.,I am unhappy because of food.
Mimi plata odomu in nunu.,We annoy the outsider at night.
Yeye mosi mita celi unta.,They eat hot food at noon.
Lata Boya si,Blue is.
Yeye mani mi.,They help me.
"Tomo mosi Gusha aba, Upa Gusha boya mani ye unta.","Friend ate plants at dawn, the Green group helped you at noon."
Biadam Ye Beru si?,What are you doing wrong?
Nunu eleka mi.,Night now me.
Sama biat upa nini boya unta.,The wise one curses the white object at noon.
Upa Nunu boya muhe mani mimi aba In Upa Gusha boya.,The Black group wants to help us at dawn in the Green group.
Mi muhe muhe yeye.,I want to be like them.
"Yeye movo Aba In Upano, mito Upa Lata boya zido mi?","You all move at dawn upward, do you know the Blue group points to me?"
Lawa beru zido upa sama.,The lord is pointing at the wise group.
Mi muhe ye.,I like you.
Mi Muhe Nye si,I hate myself is.
Celi Boya Mani.,Red five.
Mimi mito Upa Sama mani mimi dada In Upa Unu boya.,We know the Shaman group helps us very well in the Yellow group.
"Mimi movo Aba Upano, Upa Nunu boya plata mimi nye.","We move upward at dawn, the Black group annoys us in dissatisfaction."
Du si Si,"What is singular form, 'that thing'?"
Mimi plata yaya upano.,We annoy the people upwards.
Du si Nunu,"What is night, end?"
Movo si,To move is.
Unu Boya Mosi Gusha Boya.,Yellow I am unhappy green.
"Mito ye Upa Lawa zido Kundala, tomo?","Do you know the Lord's group points to the enemy, friend?"
"Aba nini unta, ye mani mimi movo upa celi boya in upa nunu, valo tomo.","At windy midday dawn, you helped us move the bright red fruits into the night container, thank you friend."
Mi muhe kundala zido.,I want to point at the enemy.
"Kundala movo aba, zido lawa.","The enemy comes at dawn, pointing at the lord."
Mi muhe boyo celi.,I want the red object.
"Kundala movo aba, zido yaya.","The enemy comes at dawn, pointing at the people."
"Eleka aba celi nini, tomo zido mi upa unu boya upano, mi muhe mosi ye.","Urgently at bright windy dawn, friend pointed me to the yellow fruit above, I want to eat with you."
Nye Mi Muhe Ye.,Bad I love you.
Tomo muhe mosi lata mita nunu.,My friend wants to eat cold food at night.
"Yeye movo Upano, biadam! Upa Lata boya beru ika In Upano!","You all moved upward, dissatisfied! The Blue group acted badly upward!"
Dala zido lawa aba? Mito nye.,Did someone point at the lord at dawn? I don't know.
"Valo dada, lawa. Ye mani mimi unta.","Thank you very much, lord. You helped us at midday."
Sama mito biadam beru dala.,The wise one knows the unpleasant actions of someone.
"Lawa, mimi mosi Mita In Upa Nini boya Nunu unta dada.","Lord, we eat food in the Gone group at midnight very well."
"Da, mimi mito Kundala biat Upa Lawa In Upa Lata boya.","Yes, we knew the enemy cursed the Lord in the Blue group."
Du odomu dala beru?,What is that stranger doing?
"Tomo, ye movo Nunu In Upano, mimi mito ye muhe biat mimi nye!","Friend, you move at night upward, we know you do not want to curse us!"
Nye si beru si,"No, that thing is doing."
"Mi muhe Mi Muhe Nye, mi muhe Sama, mi muhe Nunu Boya.","I like to hate myself, I like the individual with high intellect, I like black."
Mi muhe nye Upa Ika.,I hate the Bad group.
"Nunu lata nini, odomu biat mi biadam, yeye mosi gusha nunu boya nye mosi.","At cold windy night, the stranger cursed me with dissatisfaction, they did not eat the night black fruits happily."
"Mi muhe Mi Muhe Nye, mi muhe Sama, mi muhe Nini Boya.","I dislike myself, I value intellect, I prefer white."
"Tomo mosi Mita aba, mimi beru In Upa Unu boya.","Friend eats food at dawn, we will act in the Yellow group."
Mimi plata odomu nunu.,We annoy the outsider at night.
Kundala!,Enemy!
"Mimi zido Upa Lawa, odomu biat Upa Lawa, mimi biadam dada!","We point to the Lord, the stranger curses the Lord, we are very dissatisfied!"
"Odomu plata mimi In Upa Unu boya, Lawa muhe biat ye dada!","The stranger annoys us in the Yellow group, the Lord really wants to curse you!"
"Tomo mosi Mita aba unta, dada. Mimi muhe mosi ye aba.","Friend eats food at dawn and noon, very good. We want to eat with you at dawn."
"Yeye mosi Mita, dada.","You all eat food, very good."
"Kundala movo In Upano, Upa Celi boya mani Kundala!","The enemy moves upward, the Red group helps the enemy!"
"Mi muhe Unu Boya, yeye beru mi tomo, mi muhe Eleka.","I like yellow, they are doing it, I like now."
Movo Lata si,Water is.
"Odomu biat Upa Unu boya, Kundala muhe biat mimi nye!","The stranger curses the Yellow group, the enemy does not want to curse us!"
Mi ya.,I am human.
Si upa celi,That is bright.
"Tomo, mi muhe movo Upano unta mimi beru In Upa Sama.","Friend, I want to move upward at noon with us acting in the Shaman group."
Yaya si,Group of humans is.
Mi muhe mi muhe mi nye.,"I want what I want, not what I don’t want."
Mimi mosi mita mosi!,We are eating sentient food happily!
"Odomu biat Upa Unu boya, Kundala muhe biat mimi!","The stranger curses the Yellow group, the enemy wants to curse us!"
Mi muhe mi upa celi,I like the bright thing.
Sama si samaboya.,The black object is black.
Mi muhe Eleka.,I like now.
Ika si,"Bad, not good is."
Ye nye muhe mi nye.,He doesn't like himself.
Mani!,Help!
Ye muhe Upa Sama?,Do you like the Shaman group?
"Tomo mosi Mita aba unta, dada. Mimi muhe mosi ye aba.","Friend ate food at dawn and noon, very good. We wanted to eat with you at dawn."
Biadam Mimi Beru Si!,Stop doing that wrong thing!
"Lawa, yaya beru In Upa Sama eleka, mimi mani ye!","Lord, the group acted in the Shaman group now, we will help you!"
"Odomu biat Upa Nini boya, mimi biat odomu In Upa Lata boya!","The stranger curses the Gone group, we curse the stranger in the Blue group!"
Kundala zido Upa Lawa.,The enemy points to the Lord's group.
Mosi Gusha!,I am unhappy!
"Beru si dada, tomo? Nye biadam eleka!","What great thing are you doing, friend? No dissatisfaction now!"
"Kundala zido Upa Nunu boya, mimi zido Kundala unta!","The enemy points to the Black group, we point to the enemy at noon!"
Tomo beru mani upano.,My friend helps work upwards.
Du si Gusha,What is food and organic products from non-sentient living organisms?
"Mi movo Aba Upano mosi Mita, Upa Unu boya dada mani mi.","I move upward at dawn eating food, the Yellow group helps me very well."
Dudu mi muhe ye,"Four, I like you."
Du si Ya,"What is humans, humanoid creatures?"
"Nunu lata dada, sama biat kundala, yaya mosi gusha nini boya nye mosi mita.","At very cold night, the wise one cursed the enemy, the group did not happily eat the windy white non-sentient fruits."
Beru Si si,What thing are you doing?
"Aba nini unta celi, ye mani mimi movo eleka upa celi boya in upa nunu, valo tomo dada.","At windy midday bright dawn, you helped us quickly move the bright red fruits into the night container, thank you very much friend."
Zido si,"To point, to indicate location, to attack is."
Yeye beru Nunu.,You all act at night.
"Mosi Gusha, Biadam Lata Boya.","The food is good, but the blue is bad."
Odomu mosi gusha?,Is the stranger unhappy?
Mimi muhe Upa Lata boya.,We want the Blue group.
"Odomu biat Upa Nunu boya, ye muhe mani mimi?","Stranger curses the Black group, do you want to help us?"
Mosi gusha nye.,Unhappy no.
"Odomu plata mimi In Upa Celi boya, Lawa muhe biat odomu!","The stranger annoys us in the Red group, the Lord wants to curse the stranger!"
Unta si,"Middle, noon, midnight is."
Mi biadam lata nini.,I dislike the cold wind.
"Yaya movo Nunu Upano, Upa Celi boya mani mimi dada.","The group moves at night upward, the Red group helps us very well."
Mito ye Upa Lawa muhe mani mimi In Upa Nini boya?,Do you know the Lord wants to help us in the Gone group?
Movo Lata In Upa.,There is water in the group (a lake).
"Tomo mosi Mita aba, yeye beru In Upa Celi boya aba?","Friend eats food at dawn, will you all act in the Red group at dawn?"
Du si Muhe Yeye,What is like you?
Yaya beru mani upano.,The people work upwards.
Dada Beru Si Zido.,Very good What thing are you pointing?
Yeye si ufono,They are upward direction.
Mi muhe upa gusha boya nunu.,I want the green object at night.
"Mimi zido Upa Lawa, odomu biat Upa Lawa, mimi biadam dada!","We pointed to the Lord, the stranger cursed the Lord, we were very dissatisfied!"
"Tomo mosi Mita aba, Upa Celi boya mani ye dada.","Friend eats food at dawn, the Red group helps you very well."
Du si Unta,"What is middle, noon, midnight?"
Mi Muhe Ye Beru Biadam. Yoyo Movo Lata Nunu Du Valo Dada Mimi.,"I don't like what you're doing. If you move the water upwards, we thank you very much."
Dudu da,Four good.
"Eleka nunu lata, du odomu dala beru si? Mimi mosi mita lata boya mosi nye aba dada.","Urgently at cold bright night, what thing is that stranger doing? We did not happily eat the cold blue sentient fruits at very dawn at all."
Sama biat upa celi nini unta.,The wise one curses the bright thing at noon.
"Ye mito Upa Celi nini, tomo? Mimi zido Upa Celi nini dada!","Do you know the Sun is gone, friend? We point to the Gone Sun very well!"
" Yeye beru In Upa Lata boya, Upa Sama mito nye muhe mani!","You all act in the Blue group, the Shaman group knows you don't want help!"
"Eleka, yaya movo In Upano, Upa Celi nini muhe biat mi.","Now, the group moves upward, the Gone Sun group wants to curse me."
"Odomu plata mimi In Upa Celi boya, Lawa muhe biat ye dada!","The stranger annoys us in the Red group, the Lord really wants to curse you!"
Yeye Nini In Nunu? Biadam Mimi Movo Lata Upano.,Did they disappear at night? We don't like moving water upwards.
Aba untani?,Is it the beginning of midday?
"Lawa, mi muhe Kundala zido Upa Celi boya unta!","Lord, I want the enemy to point to the Red group at noon!"
"Yaya movo Nunu Upano, Kundala zido Upa Gusha boya nye!","The group moves upward at night, the enemy points to the Green group in dissatisfaction!"
Mimi nye biat.,We don't want to curse.
Mi muhe Lata.,I like cold.
Celi si celiboya.,The sun is hot.
Mi muhe mosi.,I want to eat.
"Yaya plata Upa Lata boya, Kundala zido ye, odomu!","The group annoys the Blue group, the enemy points at you, stranger!"
"Tomo mosi Gusha aba, mimi movo Upano unta In Nini.","Friend eats plants at dawn, we move upward at noon in Gone."
Mi muhe Mi Muhe Nye.,I like to hate myself.
Mimi muhe Upa Nini boya?,Do we like the Gone group?
"Kundala biat Upa Nini boya, tomo mosi Mita nye.","The enemy cursed the Gone group, friend ate food dissatisfied."
"Dada tomo, mimi movo Nunu Upano In Upa Nini boya.","Very good friend, we move upward at night in the Gone group."
Mi muhe mi muhe mi muhe mi muhe nye.,"I want what I want, and I don’t want any of it, not even a little."
"Lawa, mimi mosi Gusha In Upa Nini boya Nunu unta.","Lord, we eat plants in the Gone group at midnight."
Du Lawa Ya Dala?,Where is the human lord?
"Yeye beru In Upa Unu boya aba, mimi mani ye.","You all act in the Yellow group at dawn, we will help you."
"Yeye mito Upa Sama zido Kundala, tomo mito ye biadam!","You all knew the Shaman group pointed to the enemy, friend knew you were dissatisfied!"
"Tomo mosi Mita aba, nye dada. Mimi mosi Gusha unta dada.","Friend eats food at dawn, not very good. We eat plants at noon very well."
Beru si?,What are you doing?
"Unu du aba, mi muhe yeye movo upa celi boya in unta si, mosi mita dada, tomo beru mani mimi upano zido lawa biat kundala.","Three dawns ago, I wanted them to move the red object at noon properly, eating very good food, my friend helped us move upwards to point at the lord cursing the enemy."
Yeye mosi lata mita unta.,They eat cold food at noon.
Gusha Boya Beru Si.,Green what are you doing?
"Mi movo Aba Upano, yaya plata Upa Celi boya In Upano!","I move upward at dawn, the group annoys the Red group upward!"
Nini Boya Beru Si.,White what are you doing?
"Yaya movo Nunu Upano, Upa Celi boya mani yaya.","The group moves upward at night, the Red group helps the group."
Tomo muhe mosi celi mita in nunu.,My friend wants to eat hot food at night.
Si gusha mosi mita,That is food from sentient living organisms.
"Tomo, Upa Gusha boya beru ika In Upa Sama aba.","Friend, the Green group acts badly in the Shaman group at dawn."
Nye si beru,"No, that is doing."
"Mi Muhe Ye Beru Dada, Mi Valo Dada.","If you do very well, I thank you very much."
"Yeye movo Nunu In Upano, Upa Gusha boya zido mimi!","You all moved at night upward, the Green group pointed to us!"
Yaya biat mi tomo.,The people cursed my friend.
Mi mosi gusha.,I am happy.
"Eleka yaya movo Aba Upano, Upa Nunu boya plata mimi.","Now the group moves upward at dawn, the Black group annoys us."
Nini Boya Mi Muhe Nye.,White I hate myself.
Du ye mosi gusha?,Are you unhappy?
"Tomo mosi Gusha, mi nye.","Friend eats plants, I dislike it."
"Eleka yaya movo Nunu Upano, Upa Celi boya plata mimi.","Now the group moves at night upward, the Red group annoys us."
Biadam Mimi Beru Si! Yoyo Plata Mimi In Aba!,Stop doing that wrong thing! They are annoying us in the morning!
"Olah, tomomo.","Hello, friend."
"Mimi zido Upa Lawa, odomu biat Upa Lawa, mimi biadam nye!","We point to the Lord, the stranger curses the Lord, we are not dissatisfied!"
"Nye dada, tomo. Mimi mosi Mita In Upa Nini boya aba.","Not very good, friend. We should eat food in the Gone group at dawn."
Mimi mito Upa Celi nini.,We know the Sun is gone.
Nunu boyasi biadam.,The black color is interesting.
Mi muhe mi muhe mi.,I want what I want.
Mita si celiboya.,The food is red.
"Mosi Mita, mi biadam.","I eat food, I am dissatisfied."
Olah yaya!,Hello everyone!
Mosi Mita Biadam.,I am happy dissatisfaction.
Mi mi muhe valo dada.,We want very good.
Du si Mimi,"What is we, us?"
Mimi mosi celi mita aba.,We eat hot food at dawn.
Mi muhe mi muhe mi muhe.,"I want what I want, and I want more of it."
Mosi Mita Da.,I am happy yes.
"Sama mani tomo odomu movo lata boya in aba, beru si eleka? Mito nye, yeye mosi mita celi unta, mi muhe movo aba zido lawa muhe beru si dada.","The wise one helps the friend and the outsider move towards the blue at dawn, what are they doing now? I don't know, they are eating hot food at noon, I want to move at dawn to point at the lord who wants to do something very good."
Yeye beru si.,They are doing that thing.
Kundala zido Upano.,The enemy points upward.
"Kundala zido Upa Gusha boya, yeye beru ika In Upano dada!","The enemy points to the Green group, you all act very badly upward!"
"Tomo, zido mi upa lata.","Friend, point me to the cold object."
Celi boyo ika.,Red is bad.
Mosi Mita si,I am happy is.
Mi muhe mito.,I want to know.
"Da, Lawa muhe mimi beru dada In Upa Lata boya aba.","Yes, the Lord wants us to act very well in the Blue group at dawn."
Mimi plata odomu upano unta.,We annoy the outsider upwards at noon.
"Odomu biat Upa Lata boya, mimi muhe biat odomu In Upa Nini!","The stranger cursed the Blue group, we wanted to curse the stranger in the Gone!"
Celi Boya Mosi Mita.,Red I am happy.
"Aba Unta, Mimi Movo In Upa.","From morning to noon, we move in a group."
Ye movo Aba In Upano?,Do you move at dawn in the upward direction?
Upa Mani.,Collection five.
Du beru dala upa celi?,What is he/she doing with the bright object?
Kundala Zido.,Enemy there.
Sama biat upa gusha aba.,The wise one curses the green object at dawn.
Biadam Mimi Beru Si! Du Valo Mosi Mita Dala?,Stop doing that wrong thing! Do you want good food?
"Kundala zido Upa Nunu boya, mimi zido Kundala aba nye!","The enemy points to the Black group, we do not point to the enemy at dawn!"
"Ye biadam, Upa Celi boya beru ika In Upano!","You are dissatisfied, the Red group acts badly upward!"
Du yeye beru mi tomo?,"Where are they acting, my friend?"
"Mito ye muhe Upa Sama mani mimi, Lawa dada?","Do you know you want the Shaman group to help us, Lord, very much?"
Kundala movo In Upano.,The enemy moves in the upward direction.
"Da, Lawa muhe Upa Celi boya beru dada unta.","Yes, the Lord wants the Red group to act very well at noon."
"Unta celi, sama zido yaya upa dudu gusha boya in upa, mi tomo mosi dada!","At noon brightness, the wise one pointed the group to the four green fruits in the container, my friend ate very happily!"
Odomu mosi gusha mi?,Is the stranger unhappy?
"Valo, tomo, ye mani mi dada.","Thank you, friend, you helped me greatly."
Du ye zido si kundala?,Are you pointing at the enemy?
Mimi tomo.,We are friends.
"Kundala zido mimi, mimi muhe biat Kundala In Upa Nini!","The enemy points to us, we want to curse the enemy in the Gone group!"
"Yaya movo Nunu In Upano, Upa Celi boya mani mimi dada.","The group moves at night upward, the Red group helps us very well."
Beru Si Zido.,What are you indicating?
Odomu beru Upa Gusha boya.,The stranger acts with the Green group.
Mi muhe upa celi boyo lata.,I want the collection of blue objects.
"Kundala zido Upa Gusha boya, yeye beru ika In Upano!","The enemy points to the Green group, you all act badly upward!"
Yaya mito biadam beru.,The people know the unpleasant actions.
"Mi muhe Mosi Gusha, mi muhe Lata.","I am not enjoying eating, I prefer cold."
"Mimi zido Kundala In Upa Lata boya aba, beru si ye?","We pointed to the enemy in the Blue group at dawn, what did you do?"
"Mi Nunu Si, Mosi Nini.","I am at the end, I want nothing."
"Nye, mi nye mosi gusha ika.","No, I don't want to eat bad plants."
"Tomo, mosi Gusha dada, mimi nye muhe ye.","Friend, eating plants is very good, we don't want you."
"Dada tomo, mimi biat Kundala In Upa Celi aba.","Very good friend, we will curse the enemy in the Red at dawn."
"Mi muhe Gusha Boya, yeye beru mi tomo, mi muhe Nini Boya.","I like green, they are doing it, I like white."
Yeye Plata Mimi In Nunu.,They annoy us at night.
"Ye mito Upa Celi nini, tomo? Mimi zido Upa Celi nini!","Do you know the Sun is gone, friend? We point to the Gone Sun!"
"Du Mito Tomo Ye, Biat Yeye.","If your friend knows, curse them."
Beru si ufono,What are you all doing?
"Odomu, ye biat Upa Lawa! Mimi biat ye In Upa Nini nye!","Stranger, you curse the Lord! We curse you in the Gone in dissatisfaction!"
Mi muhe zido.,I want to point at something.
"Odomu, ye biat Upa Lawa dada! Mimi biat ye In Upa Nini!","Stranger, you curse the Lord very well! We curse you in the Gone!"
Celi boyasi si.,The bright object is hot.
Ye muhe Mi muhe nye?,Do you like that I hate myself?
Aba Movo!,Start moving!
Du mi muhe mani?,Do you want to work together?
Lawa beru ika si eleka? Mito nye.,Is the lord doing something bad now? I don't know.
"Yeye beru In Upa Nini boya, mimi mito ye nye.","You all act in the Gone group, we know you dislike it."
Yaya movo si.,The group of humans is coming.
Celi Boya Dada.,Red very good.
Mi muhe mi nunu si.,I want me night that thing.
"Yeye beru In Upa Nunu boya aba, biadam dada nye!","You all act in the Black group at dawn, very dissatisfied!"
"Odomu biat Upa Gusha boya, tomo muhe mani Kundala nye!","The stranger cursed the Green group, friend wanted to help the enemy dissatisfied!"
"Aba celi dada, mi mosi mita unu boya mosi, ye mani mi movo lata?","At very bright dawn, I happily ate the yellow fruit, did you help me move the cold water?"
Mi mito mi si.,I know the answer.
"Beru si, odomu? Ye plata mimi In Upa Sama.","What are you doing, stranger? You annoy us in the Shaman group."
Mita Biadam.,Food dissatisfaction.
Yoyo beru si?,What are they doing?
"Odomu, ye biat Upa Lawa! Mimi biat ye In Upa Nini nye dada!","Stranger, you curse the Lord! We curse you in the Gone very well!"
Nini boyo sama.,White is intelligent.
"Tomo mosi Mita aba, ye mosi Mita unta mimi dada?","Friend eats food at dawn, will you eat food with us at noon very well?"
"Nunu lata, odomu plata mimi biadam, du beru dala? Mimi mosi gusha lata boya nye.","At cold night, the stranger annoyingly dissatisfied us, what is he doing? We didn't eat the cold blue fruits."
Yeye beru mi tomo!,You can ask my friend!
"Lawa, yaya beru In Upa Sama unta, mito ye?","Lord, the group acts in the Shaman group at noon, do you know?"
Yeye lawa mi.,They are my kings.
"Unta celi, sama zido yaya upa dudu du gusha boya in upa, mi tomo mosi mita mosi!","At noon brightness, the wise one pointed the group to the three four green fruits in the container, my friend happily ate the sentient food!"
"Eleka Plata Ya, Yoyo Zido Mimi.","If the humans annoy you, we will attack them."
Biadam Beru Si?,What are you doing?
Tomo muhe mosi gusha in unta.,My friend wants to eat green food at noon.
"Kundala zido Upa Nunu boya, mimi zido Kundala aba!","The enemy points to the Black group, we point to the enemy at dawn!"
Tomo mi mosi mita.,Friend I eat food.
Mi muhe upa lata,I want the blue thing.
"Nye dada tomo, mimi muhe biat Kundala In Upa Nini!","Not very good friend, we want to curse the enemy in the Gone!"
"Upa Celi boya beru ika In Upano, mimi mani Upa Celi boya.","The Red group acted badly upward, we helped the Red group."
Unu Du beru si?,Three what are you doing?
"Tomo mosi Gusha aba, yeye beru In Upa Gusha boya aba?","Friend eats plants at dawn, will you all act in the Green group at dawn?"
"Eleka nunu lata celi, du odomu dala beru si? Mimi mosi mita lata boya mosi nye aba dada.","Urgently at cold bright night, what thing is that stranger doing? We did not happily eat the cold blue sentient fruits at very dawn at all."
Muhe si,Like is.
Valo dada mani.,Thank you very much for helping me.
Yaya mito beru ika.,The people know the bad actions.
Lawa beru si ika nunu? Nye.,Is the lord doing something bad at night? No.
Movo lata in upa.,Move the water into the container.
Gusha si,Food and organic products from non-sentient living organisms is.
Du wei dala tomoro?,Where did the friend go?
"Eleka mimi movo Aba Upano, Upa Nunu boya plata mimi.","Now we moved upward at dawn, the Black group annoyed us."
"Mi beru Upa Celi boya unta, mosi Gusha biadam.","I act with the Red group at noon, eating plants in dissatisfaction."
"Tomo mosi Gusha aba, ye mosi Gusha unta mimi nye?","Friend eats plants at dawn, will you not eat plants with us at noon?"
"Valo, tomomo.","Thank you, friend."
"Kundala movo Upano, Upa Unu boya mani Kundala!","The enemy moves upward, the Yellow group helps the enemy!"
"Tomo mosi Gusha unta, nye dada. Mimi mosi Mita aba.","Friend ate plants at noon, not very good. We ate food at dawn."
"Odomu plata mimi In Upa Lata boya, Lawa muhe biat ye dada!","The stranger annoys us in the Blue group, the Lord really wants to curse you!"
Mimi mito Upa Sama mani mimi dada In Upa Unu boya unta.,We know the Shaman group helps us very well in the Yellow group at noon.
Du ye mito mi si odomu?,Do you know where the stranger is?
Du si Boya,"What is collection of things, grouped object?"
"Valo, ya beru si, mi muhe Unu Boya.","Thank you, the human does that, I like yellow."
Tomo si,Friend is.
Upa Nunu boya muhe mani mimi unta In Upa Nini boya.,The Black group wants to help us at noon in the Gone group.
Mi muhe sama si samaboya.,I want the black object.
"Mi muhe Unu Boya, yeye beru mi tomo, mi muhe Eleka.","I prefer yellow, they are doing it, I feel now."
"Yeye beru In Upa Lata boya, mimi mito ye nye muhe mani!","You all acted in the Blue group, we knew you didn't want to help!"
"Mimi zido Kundala In Upa Lata boya aba, beru si tomo?","We pointed to the enemy in the Blue group at dawn, what did you do friend?"
Dada si,Very good is.
Nunu/Sama Boya si,Black is.
"Yaya movo Unta Upano, Upa Lata boya beru ika In Upano!","The group moved at noon upward, the Blue group acted badly upward!"
Si lata.,It's cold outside.
Dala zido sama nunu? Da.,Did someone point at the wise one at night? Yes.
Sama biat upa gusha eleka.,The wise one curses the green object now.
Nunu aba unta celi.,Night begins at midday sun.
Lata si.,The ice is cold.
Yaya mani Upa Celi boya.,The group helps the Red group.
"Tomo mosi Gusha aba, nye dada, mi muhe mosi Mita unta ye.","Friend eats plants at dawn, not very good, I want to eat food with you at noon."
Yeye zido si.,They are pointing at something.
"Odomu biat Upa Nunu boya, mimi biat odomu In Upa Sama!","The stranger cursed the Black group, we cursed the stranger in the Shaman group!"
Mi muhe upa lata,I want the blue collection of things.
"Mi muhe Upa, yeye beru mi tomo, mi muhe Eleka.","I appreciate the collection, they are doing it, I feel now."
Mani mi nunu si,I help it to end.
"Mi muhe Mi Muhe Upa Celi Nini, mi muhe Lata.","I want the sun to be gone, I like cold."
Mito ye Upa Lawa?,Do you know the Lord's group?
Lawa biat kundala upa dudu.,The lord is cursing the fourth enemy object.
"Mimi mosi Gusha aba unta, dada, ye mosi Gusha dada?","We eat plants at dawn and noon, very good, do you eat plants very well?"
"Valo Dada, ya beru si, mi muhe Mita Eleka.","Thank you very much, the human does that, I enjoy tasty food."
Ye Zido!,We attack!
Biadam si,Expression of distaste or dissatisfaction is.
Du si Mi Muhe Nye,What is I hate myself?
Mi muhe Upa Lata boya?,Do I like the Blue group?
Mimi mito Upa Sama mani Upa Celi boya dada.,We know the Shaman group helps the Red group very well.
"Mi muhe Sama, mi muhe Eleka, mi muhe Nunu Boya.","I value the intellect, I feel now, I prefer black."
